"_primaryKey","_firstSeenAt","_lastSeenAt","lotId","updatedAt","vin","yardNumber","yardName","saleDate","saleDayOfWeek","saleTime","saleTimeZone","itemNumber","vehicleType","year","make","modelGroup","modelDetail","bodyStyle","exteriorColor","damageDescription","secondaryDamage","saleTitleState","saleTitleType","hasKeys","lotCondCode","mileage","odometerBrand","estRetailValue","repairCost","engine","drivetrain","transmission","fuelType","cylinders","runsDrives","saleStatus","highBid","specialNote","locationCity","locationState","locationZip","locationCountry","currencyCode","imageThumbnail","imageUrl","gridRow","makeOfferEligible","buyItNowPrice","trim","rentals","wholesale","sellerName","offsiteAddress1","offsiteState","offsiteCity","offsiteZip","saleLight","autoGrade","announcements","listingUrl"
"72444925","2026-01-18 23:31:15.657","2026-01-29 05:24:51.063","72444925","2026-01-26 22:33:41.000","[PREMIUM]","128","PA - CHAMBERSBURG","2026-01-30","FRIDAY","1000","EST","0","V",2015,"HYUNDAI","ACCENT","ACCENT GS",,"BLACK","FRONT END",,"WV","PX","YES","D",211029,"A","[PREMIUM]",0,"1.6L  4","Front-wheel Drive","AUTOMATIC","GAS",4,"Run & Drive Verified","On Minimum Bid","[PREMIUM]",,"CHAMBERSBURG","PA","17202 8694","USA","USD","[PREMIUM]","[PREMIUM]","SC030",true,"[PREMIUM]","GS",false,false,"[PREMIUM]",,,,,,,,"[PREMIUM]"
"72488865","2026-01-18 23:31:15.649","2026-02-06 05:25:18.615","72488865","2026-02-05 14:22:33.000","[PREMIUM]","128","PA - CHAMBERSBURG","2026-02-06","FRIDAY","1000","EST","33","V",2015,"CHEVROLET","TRAX","TRAX 1LT",,"RED","MINOR DENT/SCRATCHES",,"MD","CT","YES","D",227539,"A","[PREMIUM]",0,"1.4L  4","All wheel drive","AUTOMATIC","GAS",4,"Run & Drive Verified","On Minimum Bid","[PREMIUM]",,"CHAMBERSBURG","PA","17202 8694","USA","USD","[PREMIUM]","[PREMIUM]","SD050",true,"[PREMIUM]","1LT",false,false,"[PREMIUM]",,,,,,,,"[PREMIUM]"
"72581375","2026-01-18 23:31:15.649","2026-01-22 11:24:05.603","72581375","2026-01-21 19:55:47.000","[PREMIUM]","128","PA - CHAMBERSBURG","2026-01-23","FRIDAY","1000","EST","0","V",2014,"LEXUS","IS","IS 250",,"BLACK","FRONT END",,"PA","CT","YES","D",146697,"A","[PREMIUM]",0,"2.5L  6","All wheel drive","AUTOMATIC","GAS",6,"Run & Drive Verified","On Minimum Bid","[PREMIUM]",,"CHAMBERSBURG","PA","17202 8694","USA","USD","[PREMIUM]","[PREMIUM]","SD030",true,"[PREMIUM]","250",false,false,"[PREMIUM]",,,,,,,,"[PREMIUM]"
"99040675","2026-01-18 23:27:24.353","2026-01-22 11:27:26.239","99040675","2026-01-21 13:41:05.000","[PREMIUM]","341","AL - DOTHAN","2026-01-22","THURSDAY","1200","CST","21","V",2025,"TOYOTA","TUNDRA","TUNDRA CRE",,"SILVER","FRONT END","SIDE","FL","RB","YES","D",15179,"A","[PREMIUM]",33891.84,"3.4L  6","4x4 w/Rear Wheel Drv","AUTOMATIC","GAS",6,"Run & Drive Verified","Pure Sale","[PREMIUM]",,"NEWTON","AL","36352 8228","USA","USD","[PREMIUM]","[PREMIUM]","D020",false,"[PREMIUM]","CREWMAX PLATINUM",false,false,"[PREMIUM]",,,,,,,,"[PREMIUM]"
"98313085","2026-01-18 23:25:52.737","2026-01-28 17:25:45.244","98313085","2026-01-22 20:24:02.000","[PREMIUM]","145","AL - MONTGOMERY","2026-01-29","THURSDAY","1200","CST","0","V",2007,"HONDA","CIVIC","CIVIC LX",,"GRAY","MINOR DENT/SCRATCHES",,"AL","CT","YES","D",289640,"E","[PREMIUM]",0,"1.8L  4","Front-wheel Drive","MANUAL","GAS",4,"Run & Drive Verified","On Minimum Bid","[PREMIUM]",,"MONTGOMERY","AL","36116 6553","USA","USD","[PREMIUM]","[PREMIUM]","C060",true,"[PREMIUM]","LX",false,false,"[PREMIUM]",,,,,,,,"[PREMIUM]"
"92725405","2026-01-18 23:25:23.860","2026-01-22 05:25:36.038","92725405","2026-01-18 21:15:08.000","[PREMIUM]","145","AL - MONTGOMERY","2026-01-22","THURSDAY","1200","CST","0","V",2018,"DODGE","JOURNEY","JOURNEY SE",,"BLACK","FRONT END","SIDE","AL","ST","YES","E",0,"N","[PREMIUM]",5743,"2.4L  4","Front-wheel Drive","AUTOMATIC","GAS",4,"DEFAULT","Pure Sale","[PREMIUM]",,"MONTGOMERY","AL","36116 6553","USA","USD","[PREMIUM]","[PREMIUM]","F150",false,"[PREMIUM]","SE",false,false,"[PREMIUM]",,,,,,,,"[PREMIUM]"
"94898295","2026-01-18 23:24:52.871","2026-01-29 05:25:50.375","94898295","2026-01-22 18:57:44.000","[PREMIUM]","145","AL - MONTGOMERY","2026-01-29","THURSDAY","1200","CST","0","V",2013,"NISSAN","ROGUE","ROGUE S","4DR SPOR","WHITE","FRONT END",,"AL","ST","YES","D",153587,"A","[PREMIUM]",5622,"2.5L  4","Front-wheel Drive","AUTOMATIC","GAS",4,"Run & Drive Verified","On Minimum Bid","[PREMIUM]",,"MONTGOMERY","AL","36116 6553","USA","USD","[PREMIUM]","[PREMIUM]","G090",true,"[PREMIUM]","S",false,false,"[PREMIUM]",,,,,,,,"[PREMIUM]"
"72607435","2026-01-18 23:24:52.531","2026-02-12 05:27:33.535","72607435","2026-02-11 15:31:55.000","[PREMIUM]","145","AL - MONTGOMERY","2026-02-12","THURSDAY","1200","CST","0","V",2019,"CHEVROLET","TAHOE","TAHOE K150",,"GRAY","SIDE","FRONT END","AL","ST","YES","D",152555,"A","[PREMIUM]",18322,"5.3L  8","4x4 w/Rear Wheel Drv","AUTOMATIC","GAS",8,"Run & Drive Verified","On Minimum Bid","[PREMIUM]",,"MONTGOMERY","AL","36116 6553","USA","USD","[PREMIUM]","[PREMIUM]","F210",false,"[PREMIUM]","K1500 LT",false,false,"[PREMIUM]",,,,,,,,"[PREMIUM]"
"94268855","2026-01-18 23:24:52.134","2026-01-22 05:25:36.634","94268855","2026-01-18 21:15:58.000","[PREMIUM]","145","AL - MONTGOMERY","2026-01-22","THURSDAY","1200","CST","0","V",2015,"CADILLAC","SRX","SRX LUXURY",,"RED","ALL OVER",,"AL","ST","NO","E",0,"N","[PREMIUM]",18368.05,"3.6L  6","Front-wheel Drive","AUTOMATIC","GAS",6,"DEFAULT","Pure Sale","[PREMIUM]",,"MONTGOMERY","AL","36116 6553","USA","USD","[PREMIUM]","[PREMIUM]","D030",false,"[PREMIUM]","LUXURY COLLECTION",false,false,"[PREMIUM]",,,,,,,,"[PREMIUM]"
"53270415","2026-01-18 23:24:50.776","2026-02-12 05:27:31.388","53270415","2026-02-10 21:59:09.000","[PREMIUM]","145","AL - MONTGOMERY","2026-02-12","THURSDAY","1200","CST","0","R",2017,"DUTCHMEN","TRAVEL TR","TRAVEL TR",,"TWO TONE","ALL OVER",,"AL","ST","EXM","E",0,"N","[PREMIUM]",17950,,,,,,"DEFAULT","On Minimum Bid","[PREMIUM]",,"MONTGOMERY","AL","36116 6553","USA","USD","[PREMIUM]","[PREMIUM]","HVY01",false,"[PREMIUM]",,false,false,"[PREMIUM]",,,,,,,,"[PREMIUM]"
"72399785","2026-01-18 23:24:50.660","2026-02-04 23:25:08.651","72399785","2026-01-30 19:35:47.000","[PREMIUM]","145","AL - MONTGOMERY","2026-02-05","THURSDAY","1200","CST","0","V",2014,"RAM","1500","1500 SLT",,"RED","REAR END",,"AL","ST","YES","D",233088,"A","[PREMIUM]",0,"5.7L  8","Rear-wheel drive","AUTOMATIC","GAS",8,"Run & Drive Verified","Pure Sale","[PREMIUM]",,"MONTGOMERY","AL","36116 6553","USA","USD","[PREMIUM]","[PREMIUM]","C200",false,"[PREMIUM]","SLT",false,false,"[PREMIUM]",,,,,,,,"[PREMIUM]"
"43274965","2026-01-18 23:24:49.434","2026-01-22 05:25:31.137","43274965","2026-01-19 04:18:55.000","[PREMIUM]","145","AL - MONTGOMERY","2026-01-22","THURSDAY","1200","CST","0","V",2018,"NISSAN","MURANO","MURANO S",,"SILVER","FRONT END","SIDE","AL","ST","YES","E",0,"N","[PREMIUM]",15953,"3.5L  6","Front-wheel Drive","AUTOMATIC","GAS",6,"DEFAULT","On Minimum Bid","[PREMIUM]",,"MONTGOMERY","AL","36116 6553","USA","USD","[PREMIUM]","[PREMIUM]","G230",false,"[PREMIUM]","S",false,false,"[PREMIUM]",,,,,,,,"[PREMIUM]"
"99340035","2026-01-18 23:22:41.756","2026-02-20 03:04:26.032","99340035","2026-02-19 20:50:56.000","[PREMIUM]","75","NM - ALBUQUERQUE","2026-02-26","THURSDAY","1200","MST","0","V",2019,"MAZDA","CX-3","CX-3 TOURI",,"WHITE","REAR END",,"NM","ST","YES","D",22715,"A","[PREMIUM]",13733.01,"2.0L  4","Front-wheel Drive","AUTOMATIC","GAS",4,"Run & Drive Verified","On Minimum Bid","[PREMIUM]",,"ALBUQUERQUE","NM","87105 4755","USA","USD","[PREMIUM]","[PREMIUM]","B050",false,"[PREMIUM]","TOURING",false,false,"[PREMIUM]",,,,,,,,"[PREMIUM]"
"71874455","2026-01-18 23:21:45.745","2026-01-22 11:21:51.852","71874455","2026-01-18 19:32:46.000","[PREMIUM]","75","NM - ALBUQUERQUE","2026-01-22","THURSDAY","1200","MST","0","V",2011,"HONDA","CIVIC","CIVIC LX",,"BLUE","FRONT END",,"NM","ST","YES","S",197441,"N","[PREMIUM]",4299.35,"1.8L  4","Front-wheel Drive","AUTOMATIC","GAS",4,"Vehicle Starts","Pure Sale","[PREMIUM]",,"ALBUQUERQUE","NM","87105 4755","USA","USD","[PREMIUM]","[PREMIUM]","D050",false,"[PREMIUM]","LX",false,false,"[PREMIUM]",,,,,,,,"[PREMIUM]"
"98578505","2026-01-18 23:21:36.942","2026-02-09 11:21:26.237","98578505","2026-02-07 03:45:59.000","[PREMIUM]","882","*NCS - MOUNTAIN REGION","2026-02-09","MONDAY","1900","MST","0","V",2020,"TOYOTA","HIGHLANDER","HIGHLANDER",,"CHARCOAL","ALL OVER",,"NM","ST","NO","E",0,"N","[PREMIUM]",35000,"2.5L  4","Front-wheel Drive","AUTOMATIC","HYBRID ENGINE",4,"DEFAULT","On Minimum Bid","[PREMIUM]",,"ALBUQUERQUE","NM","87105 4755","USA","USD","[PREMIUM]","[PREMIUM]","HVY1",false,"[PREMIUM]","HYBRID XLE",false,false,"[PREMIUM]",,,,,,,,"[PREMIUM]"
"96302765","2026-01-18 23:21:34.637","2026-01-28 23:22:04.741","96302765","2026-01-22 22:17:27.000","[PREMIUM]","75","NM - ALBUQUERQUE","2026-01-29","THURSDAY","1200","MST","0","V",2023,"CHEVROLET","MALIBU","MALIBU LS",,"GRAY","FRONT END",,"NM","ST","YES","D",57137,"A","[PREMIUM]",13247,"1.5L  4","Front-wheel Drive",,"GAS",4,"Run & Drive Verified","On Minimum Bid","[PREMIUM]",,"ALBUQUERQUE","NM","87105 4755","USA","USD","[PREMIUM]","[PREMIUM]","BB130",false,"[PREMIUM]","LS",false,false,"[PREMIUM]",,,,,,,,"[PREMIUM]"
"91139345","2026-01-18 23:21:32.253","2026-01-29 11:21:58.665","91139345","2026-01-23 21:11:57.000","[PREMIUM]","75","NM - ALBUQUERQUE","2026-01-29","THURSDAY","1200","MST","0","V",2016,"NISSAN","ROGUE","ROGUE S",,"SILVER","UNDERCARRIAGE","FRONT END","NM","ST","YES","D",153995,"A","[PREMIUM]",18336.79,"2.5L  4","All wheel drive","AUTOMATIC","GAS",4,"Run & Drive Verified","On Minimum Bid","[PREMIUM]",,"ALBUQUERQUE","NM","87105 4755","USA","USD","[PREMIUM]","[PREMIUM]","D090",false,"[PREMIUM]","S",false,false,"[PREMIUM]",,,,,,,,"[PREMIUM]"
"74149835","2026-01-18 23:20:49.040","2026-01-27 23:21:10.539","74149835","2026-01-27 19:16:39.000","[PREMIUM]","63","TN - NASHVILLE","2026-01-28","WEDNESDAY","1200","CST","148","V",1964,"CHEVROLET","NOVA","NOVA",,"RED","MINOR DENT/SCRATCHES","BIOHAZARD/CHEMICAL","TN","CT","YES",,64612,"E","[PREMIUM]",0,,,,,,,"On Minimum Bid","[PREMIUM]",,"LEBANON","TN","37090","USA","USD","[PREMIUM]","[PREMIUM]","*OFF",true,"[PREMIUM]",,false,false,"[PREMIUM]","865 STUMPY LANE","TN","LEBANON","37090",,,,"[PREMIUM]"
"74150125","2026-01-18 23:20:47.836","2026-01-19 23:20:58.937","74150125","2026-01-18 18:16:41.000","[PREMIUM]","63","TN - NASHVILLE","2026-01-21","WEDNESDAY","1200","CST","0","V",1961,"GMC","ALL OTHER","SPRINT",,"RED","MINOR DENT/SCRATCHES","ALL OVER","TN","CT","YES",,81878,"E","[PREMIUM]",0,,,,,,,"On Minimum Bid","[PREMIUM]",,"LEBANON","TN","37090","USA","USD","[PREMIUM]","[PREMIUM]","*OFF",true,"[PREMIUM]",,false,false,"[PREMIUM]","865 STUMPY LANE","TN","LEBANON","37090",,,,"[PREMIUM]"
"74153455","2026-01-18 23:20:02.351","2026-01-23 17:22:07.141","74153455","2026-01-22 14:41:23.000","[PREMIUM]","53","MA - NORTH BOSTON","2026-01-23","FRIDAY","1000","EST","2108","V",2022,"LAND ROVER","RANGEROVER","RANGE ROVE",,"BLACK","NORMAL WEAR","MINOR DENT/SCRATCHES","SC","CT","YES","D",107329,"A","[PREMIUM]",0,"3.0L  6","All wheel drive","AUTOMATIC","GAS",6,"Run & Drive Verified","On Minimum Bid","[PREMIUM]",,"NORTH BILLERICA","MA","01862 1632","USA","USD","[PREMIUM]","[PREMIUM]","*OFF",false,"[PREMIUM]","HSE WESTMINSTER EDITION",false,false,"[PREMIUM]","55R HIGH STREET","MA","NORTH BILLERICA","01862",,,,"[PREMIUM]"
"73095515","2026-01-18 23:19:47.234","2026-01-19 23:20:00.333","73095515","2026-01-19 19:49:15.000","[PREMIUM]","50","LA - BATON ROUGE","2026-01-20","TUESDAY","1200","CST","0","V",2019,"TOYOTA","C-HR","C-HR XLE",,"SILVER","MINOR DENT/SCRATCHES",,"LA","CT","YES","D",175220,"A","[PREMIUM]",0,"2.0L  4","Front-wheel Drive","AUTOMATIC","GAS",4,"Run & Drive Verified","On Approval","[PREMIUM]",,"Greenwell springs","LA","70739 5532","USA","USD","[PREMIUM]","[PREMIUM]","H090",false,"[PREMIUM]","XLE",false,false,"[PREMIUM]",,,,,,,,"[PREMIUM]"
"73170695","2026-01-18 23:19:46.637","2026-02-02 19:31:52.338","73170695","2026-01-31 03:45:16.000","[PREMIUM]","50","LA - BATON ROUGE","2026-02-03","TUESDAY","1200","CST","0","V",2017,"NISSAN","MAXIMA","MAXIMA 3.5","SEDAN 4D","BLACK","REAR END","FRONT END","LA","CT","YES","D",112915,"A","[PREMIUM]",0,"3.5L  6","Front-wheel Drive","AUTOMATIC","GAS",6,"Run & Drive Verified","On Minimum Bid","[PREMIUM]",,"Greenwell springs","LA","70739 5532","USA","USD","[PREMIUM]","[PREMIUM]","E120",true,"[PREMIUM]","3.5S",false,false,"[PREMIUM]",,,,,,,,"[PREMIUM]"
"73096475","2026-01-18 23:19:46.541","2026-01-23 17:21:50.633","73096475","2026-01-23 05:25:37.000","[PREMIUM]","50","LA - BATON ROUGE","2026-01-23","FRIDAY","1200","CST","1103","V",2019,"CHEVROLET","EQUINOX","EQUINOX LT",,"BLACK","FRONT END","SIDE","LA","CT","YES","E",115576,"A","[PREMIUM]",0,"1.5L  4","Front-wheel Drive","AUTOMATIC","GAS",4,"DEFAULT","On Approval","[PREMIUM]",,"Greenwell springs","LA","70739 5532","USA","USD","[PREMIUM]","[PREMIUM]","G080",false,"[PREMIUM]","LT",false,false,"[PREMIUM]",,,,,,,,"[PREMIUM]"
"72624485","2026-01-18 23:19:46.335","2026-01-26 17:21:06.833","72624485","2026-01-24 03:45:14.000","[PREMIUM]","50","LA - BATON ROUGE","2026-01-27","TUESDAY","1200","CST","0","V",2014,"VOLKSWAGEN","PASSAT","PASSAT SE","SEDAN 4D","WHITE","FRONT END",,"LA","CT","YES","E",97746,"A","[PREMIUM]",0,"2.0L  4","Front-wheel Drive","AUTOMATIC","DIESEL",4,"DEFAULT","On Minimum Bid","[PREMIUM]",,"Greenwell springs","LA","70739 5532","USA","USD","[PREMIUM]","[PREMIUM]","G050",true,"[PREMIUM]","SE",false,false,"[PREMIUM]",,,,,,,,"[PREMIUM]"
"72625025","2026-01-18 23:19:46.146","2026-01-22 05:20:18.349","72625025","2026-01-22 03:45:37.000","[PREMIUM]","881","*NCS - CENTRAL REGION","2026-01-22","THURSDAY","2000","CST","0","V",2017,"TOYOTA","COROLLA","COROLLA L","SEDAN 4D","WHITE","FRONT END","REAR END","LA","CT","NO","E",196844,"A","[PREMIUM]",0,"1.8L  4","Front-wheel Drive","AUTOMATIC","GAS",4,"DEFAULT","On Minimum Bid","[PREMIUM]",,"Greenwell springs","LA","70739 5532","USA","USD","[PREMIUM]","[PREMIUM]","F010",true,"[PREMIUM]","L",false,false,"[PREMIUM]",,,,,,,,"[PREMIUM]"
"72982495","2026-01-18 23:19:30.442","2026-01-18 23:19:30.442","72982495","2026-01-18 22:01:28.000","[PREMIUM]","855","WHOLESALE AUCTION","2026-01-20","TUESDAY","1200","EST","0","V",2011,"BMW","5 SERIES","528 I",,"WHITE","NORMAL WEAR",,"CA","DV","YES","D",99997,"A","[PREMIUM]",0,"3.0L  6","Rear-wheel drive","AUTOMATIC","GAS",6,"Run & Drive Verified","On Minimum Bid","[PREMIUM]",,"VAN NUYS","CA","91405 1509","USA","USD","[PREMIUM]","[PREMIUM]","HBLU3",true,"[PREMIUM]","I",false,true,"[PREMIUM]",,,,,"YELLOW LIGHT",3.8,,"[PREMIUM]"
"89486665","2026-01-18 23:19:23.442","2026-01-19 23:19:35.444","89486665","2026-01-18 22:02:42.000","[PREMIUM]","43","CA - VAN NUYS","2026-01-20","TUESDAY","1200","PST","0","V",2017,"TOYOTA","CAMRY","CAMRY LE","SEDAN 4D","WHITE","FRONT END","SIDE","CA","SC","YES","D",74888,"A","[PREMIUM]",0,"2.5L  4","Front-wheel Drive","AUTOMATIC","GAS",4,"Run & Drive Verified","Pure Sale","[PREMIUM]",,"VAN NUYS","CA","91405 1509","USA","USD","[PREMIUM]","[PREMIUM]","L170",false,"[PREMIUM]","LE",false,false,"[PREMIUM]",,,,,,,,"[PREMIUM]"
"85369215","2026-01-18 17:30:53.154","2026-01-30 11:17:49.460","85369215","2026-01-30 09:00:40.000","[PREMIUM]","16","CA - SO SACRAMENTO","2026-02-05","THURSDAY","1200","PST","0","V",2013,"HONDA","CIVIC","CIVIC EX","SEDAN 4D","SILVER","REAR END",,"CA","AS","YES","D",302213,"N","[PREMIUM]",0,"1.8L  4","Front-wheel Drive","AUTOMATIC","GAS",4,"Run & Drive Verified","On Minimum Bid","[PREMIUM]",,"SACRAMENTO","CA","95828 2641","USA","USD","[PREMIUM]","[PREMIUM]","B010",true,"[PREMIUM]","EX",false,false,"[PREMIUM]",,,,,,,,"[PREMIUM]"
"72262585","2026-01-18 17:29:17.250","2026-01-22 11:27:40.289","72262585","2026-01-22 09:00:12.000","[PREMIUM]","342","MD - BALTIMORE EAST","2026-01-22","THURSDAY","1000","EST","10","V",2015,"SUBARU","FORESTER","FORESTER 2","4DR SPOR","BLACK","FRONT END","SIDE","MD","S1","YES","D",182824,"A","[PREMIUM]",6011.59,"2.5L  4","All wheel drive","AUTOMATIC","GAS",4,"Run & Drive Verified","Pure Sale","[PREMIUM]",,"BALTIMORE","MD","21225","USA","USD","[PREMIUM]","[PREMIUM]","F050",false,"[PREMIUM]","2.5I PREMIUM",false,false,"[PREMIUM]",,,,,,,,"[PREMIUM]"
"82649625","2026-01-18 17:26:55.337","2026-01-21 05:25:40.743","82649625","2026-01-18 12:59:05.000","[PREMIUM]","154","NC - MEBANE","2026-01-21","WEDNESDAY","1000","EST","0","V",2002,"CHEVROLET","PRIZM","GEO PRIZM BASE",,"BLACK","REAR END","FRONT END","NC","SC","NO","E",0,"E","[PREMIUM]",6218,"1.8L  4","Front-wheel Drive","AUTOMATIC","GAS",4,"DEFAULT","Pure Sale","[PREMIUM]",,"MEBANE","NC","27302 9437","USA","USD","[PREMIUM]","[PREMIUM]","P032",false,"[PREMIUM]","BASE",false,false,"[PREMIUM]",,,,,,,,"[PREMIUM]"
"80341925","2026-01-18 17:26:52.143","2026-01-21 05:25:40.339","80341925","2026-01-18 12:59:05.000","[PREMIUM]","154","NC - MEBANE","2026-01-21","WEDNESDAY","1000","EST","0","V",2021,"NISSAN","KICKS","KICKS S",,"BLACK","ROLLOVER",,"NC","SC","EXM","E",0,"N","[PREMIUM]",13510,"1.6L  4","Front-wheel Drive","AUTOMATIC","GAS",4,"DEFAULT","Pure Sale","[PREMIUM]",,"MEBANE","NC","27302 9437","USA","USD","[PREMIUM]","[PREMIUM]","Z100",false,"[PREMIUM]","S",false,false,"[PREMIUM]",,,,,,,,"[PREMIUM]"
"65034955","2026-01-18 17:26:51.650","2026-01-21 05:25:40.054","65034955","2026-01-18 12:59:05.000","[PREMIUM]","154","NC - MEBANE","2026-01-21","WEDNESDAY","1000","EST","0","V",2010,"ACURA","RDX","RDX",,"SILVER","FRONT END","SIDE","NC","SC","YES","D",141942,"E","[PREMIUM]",7915,"2.3L  4","Front-wheel Drive","AUTOMATIC","GAS",4,"Run & Drive Verified","Pure Sale","[PREMIUM]",,"MEBANE","NC","27302 9437","USA","USD","[PREMIUM]","[PREMIUM]","D050",false,"[PREMIUM]",,false,false,"[PREMIUM]",,,,,,,,"[PREMIUM]"
"84644495","2026-01-18 17:26:51.371","2026-01-21 05:25:16.043","84644495","2026-01-18 12:58:21.000","[PREMIUM]","144","SC - SPARTANBURG","2026-01-21","WEDNESDAY","1000","EST","0","V",2021,"TOYOTA","RAV4","RAV4 XSE",,"WHITE","REAR END","SIDE","SC","ST","YES","D",76017,"A","[PREMIUM]",22000,"2.5L  4","All wheel drive","AUTOMATIC","HYBRID ENGINE",4,"Run & Drive Verified","Pure Sale","[PREMIUM]",,"SPARTANBURG","SC","29301 5944","USA","USD","[PREMIUM]","[PREMIUM]","L040",false,"[PREMIUM]","XSE",false,false,"[PREMIUM]",,,,,,,,"[PREMIUM]"
"91192405","2026-01-18 17:26:23.335","2026-01-21 05:25:17.335","91192405","2026-01-18 12:58:21.000","[PREMIUM]","144","SC - SPARTANBURG","2026-01-21","WEDNESDAY","1000","EST","0","V",2013,"HONDA","FIT","FIT",,"SILVER","FRONT END","SIDE","SC","ST","YES","D",165784,"A","[PREMIUM]",3399.92,"1.5L  4","Front-wheel Drive","AUTOMATIC","GAS",4,"Run & Drive Verified","Pure Sale","[PREMIUM]",,"SPARTANBURG","SC","29301 5944","USA","USD","[PREMIUM]","[PREMIUM]","K060",false,"[PREMIUM]",,false,false,"[PREMIUM]",,,,,,,,"[PREMIUM]"
"71644335","2026-01-18 17:26:22.549","2026-01-21 05:25:12.340","71644335","2026-01-20 21:15:26.000","[PREMIUM]","144","SC - SPARTANBURG","2026-01-21","WEDNESDAY","1000","EST","0","V",2025,"HONDA","HR-V","HR-V SPORT",,"GRAY","FRONT END",,"SC","ST","YES","D",24617,"A","[PREMIUM]",18829,"2.0L  4","Front-wheel Drive","AUTOMATIC","GAS",4,"Run & Drive Verified","Pure Sale","[PREMIUM]",,"SPARTANBURG","SC","29301 5944","USA","USD","[PREMIUM]","[PREMIUM]","A220",false,"[PREMIUM]","SPORT",false,false,"[PREMIUM]",,,,,,,,"[PREMIUM]"
"72692915","2026-01-18 17:26:21.233","2026-01-25 17:26:26.540","72692915","2026-01-23 22:11:31.000","[PREMIUM]","144","SC - SPARTANBURG","2026-01-26","MONDAY","1000","EST","2429","V",2017,"FORD","ESCAPE","ESCAPE TIT","4DR SPOR","BLUE","FRONT END",,"SC","CT","YES","D",164309,"A","[PREMIUM]",0,"2.0L  4","4x4 w/Front Whl Drv","AUTOMATIC","GAS",4,"Run & Drive Verified","On Minimum Bid","[PREMIUM]",,"SPARTANBURG","SC","29301 5944","USA","USD","[PREMIUM]","[PREMIUM]","G060",true,"[PREMIUM]","TITANIUM",false,false,"[PREMIUM]",,,,,,,,"[PREMIUM]"
"64276165","2026-01-18 17:26:18.938","2026-01-21 05:25:18.242","64276165","2026-01-18 12:58:19.000","[PREMIUM]","144","SC - SPARTANBURG","2026-01-21","WEDNESDAY","1000","EST","0","V",2024,"HONDA","CIVIC","CIVIC SPORT",,"WHITE","FRONT END","REAR END","SC","ST","YES","E",22005,"A","[PREMIUM]",24741,"2.0L  4","Front-wheel Drive","AUTOMATIC","GAS",4,"DEFAULT","Pure Sale","[PREMIUM]",,"SPARTANBURG","SC","29301 5944","USA","USD","[PREMIUM]","[PREMIUM]","D110",false,"[PREMIUM]","SPORT",false,false,"[PREMIUM]",,,,,,,,"[PREMIUM]"
"72820675","2026-01-18 17:25:32.842","2026-02-06 05:25:18.665","72820675","2026-02-05 14:22:33.000","[PREMIUM]","128","PA - CHAMBERSBURG","2026-02-06","FRIDAY","1000","EST","2044","V",2016,"FORD","ESCAPE","ESCAPE SE",,"CHARCOAL","MECHANICAL","MINOR DENT/SCRATCHES","VA","CT","YES","D",100439,"A","[PREMIUM]",0,"1.6L  4","Front-wheel Drive","AUTOMATIC","GAS",4,"Run & Drive Verified","On Minimum Bid","[PREMIUM]",,"CHAMBERSBURG","PA","17202 8694","USA","USD","[PREMIUM]","[PREMIUM]","P040",false,"[PREMIUM]","SE",false,false,"[PREMIUM]",,,,,,,,"[PREMIUM]"
"73378695","2026-01-18 17:25:32.638","2026-01-30 05:25:05.835","73378695","2026-01-29 14:32:11.000","[PREMIUM]","128","PA - CHAMBERSBURG","2026-01-30","FRIDAY","1000","EST","2037","V",2024,"TOYOTA","COROLLA","COROLLA LE",,"SILVER","FRONT END",,"FL","RB","YES","D",51192,"A","[PREMIUM]",0,"2.0L  4","Front-wheel Drive","MANUAL","GAS",4,"Run & Drive Verified","On Minimum Bid","[PREMIUM]",,"CHAMBERSBURG","PA","17202 8694","USA","USD","[PREMIUM]","[PREMIUM]","P040",true,"[PREMIUM]","LE",false,false,"[PREMIUM]",,,,,,,,"[PREMIUM]"
"72627745","2026-01-18 17:25:32.542","2026-01-23 11:23:48.546","72627745","2026-01-22 16:48:09.000","[PREMIUM]","128","PA - CHAMBERSBURG","2026-01-23","FRIDAY","1000","EST","50","V",2016,"HYUNDAI","TUCSON","TUCSON LIM",,"WHITE","MINOR DENT/SCRATCHES",,"PA","PX","YES","D",113788,"A","[PREMIUM]",0,"1.6L  4","All wheel drive","AUTOMATIC","GAS",4,"Run & Drive Verified","On Approval","[PREMIUM]",,"CHAMBERSBURG","PA","17202 8694","USA","USD","[PREMIUM]","[PREMIUM]","SD070",false,"[PREMIUM]","LIMITED",false,false,"[PREMIUM]",,,,,,,,"[PREMIUM]"
"72820715","2026-01-18 17:25:32.537","2026-01-23 05:24:55.369","72820715","2026-01-22 16:31:56.000","[PREMIUM]","128","PA - CHAMBERSBURG","2026-01-23","FRIDAY","1000","EST","2538","V",2019,"CHEVROLET","TRAX","TRAX 1LT",,"SILVER","SIDE","MECHANICAL","VA","CT","YES","E",61099,"A","[PREMIUM]",0,"1.4L  4","Front-wheel Drive","AUTOMATIC","GAS",4,"DEFAULT","On Minimum Bid","[PREMIUM]",,"CHAMBERSBURG","PA","17202 8694","USA","USD","[PREMIUM]","[PREMIUM]","C040",false,"[PREMIUM]","1LT",false,false,"[PREMIUM]",,,,,,,,"[PREMIUM]"
"99594625","2026-01-18 17:25:32.534","2026-02-13 11:24:27.034","99594625","2026-02-13 00:06:40.000","[PREMIUM]","128","PA - CHAMBERSBURG","2026-02-13","FRIDAY","1000","EST","2505","V",2013,"KIA","SOUL","SOUL +",,"BLACK","MECHANICAL","MINOR DENT/SCRATCHES","WV","PX","YES",,102186,"N","[PREMIUM]",0,"2.0L  4","Front-wheel Drive","AUTOMATIC","GAS",4,,"On Minimum Bid","[PREMIUM]",,"CHAMBERSBURG","PA","17202 8694","USA","USD","[PREMIUM]","[PREMIUM]","P070",true,"[PREMIUM]","+",false,false,"[PREMIUM]",,,,,,,,"[PREMIUM]"
"99998855","2026-01-18 17:25:31.563","2026-02-20 14:57:53.557","99998855","2026-02-20 14:36:15.000","[PREMIUM]","128","PA - CHAMBERSBURG","2026-02-20","FRIDAY","1000","EST","88","V",2019,"CHEVROLET","MALIBU","MALIBU LT",,"BLACK","FRONT END","SIDE","WV","PX","YES","D",115568,"A","[PREMIUM]",0,"1.5L  4","Front-wheel Drive","AUTOMATIC","GAS",4,"Run & Drive Verified","On Minimum Bid","[PREMIUM]",,"CHAMBERSBURG","PA","17202 8694","USA","USD","[PREMIUM]","[PREMIUM]","P040",false,"[PREMIUM]","LT",false,false,"[PREMIUM]",,,,,,,,"[PREMIUM]"
"99877995","2026-01-18 17:25:31.408","2026-01-29 11:24:18.571","99877995","2026-01-27 02:17:32.000","[PREMIUM]","128","PA - CHAMBERSBURG","2026-01-30","FRIDAY","1000","EST","0","V",2004,"FORD","All Models","F150","4DR EXT","BURGUNDY","MINOR DENT/SCRATCHES",,"PA","CT","YES","D",138096,"A","[PREMIUM]",0,"5.4L  8","4x4 w/Rear Wheel Drv","AUTOMATIC","GAS",8,"Run & Drive Verified","On Minimum Bid","[PREMIUM]",,"CHAMBERSBURG","PA","17202 8694","USA","USD","[PREMIUM]","[PREMIUM]","SD050",true,"[PREMIUM]",,false,false,"[PREMIUM]",,,,,,,,"[PREMIUM]"
"72227655","2026-01-18 17:25:31.363","2026-01-22 11:24:05.571","72227655","2026-01-21 19:57:05.000","[PREMIUM]","128","PA - CHAMBERSBURG","2026-01-23","FRIDAY","1000","EST","0","V",2015,"AUDI","A5","A5 PREMIUM",,"BLACK","MINOR DENT/SCRATCHES",,"WV","CT","YES","E",144551,"A","[PREMIUM]",0,"2.0L  4","All wheel drive","MANUAL","FLEXIBLE FUEL",4,"DEFAULT","On Minimum Bid","[PREMIUM]",,"CHAMBERSBURG","PA","17202 8694","USA","USD","[PREMIUM]","[PREMIUM]","SD030",false,"[PREMIUM]","PREMIUM PLUS",false,false,"[PREMIUM]",,,,,,,,"[PREMIUM]"
"99893165","2026-01-18 17:25:31.363","2026-02-01 05:34:15.845","99893165","2026-01-31 00:35:56.000","[PREMIUM]","128","PA - CHAMBERSBURG","2026-02-06","FRIDAY","1000","EST","0","V",2001,"TOYOTA","4RUNNER","4RUNNER SR","4DR SPOR","GRAY","FRONT END",,"MD","CT","YES","D",473326,"N","[PREMIUM]",0,"3.4L  6","4x4 w/Rear Wheel Drv","AUTOMATIC","GAS",6,"Run & Drive Verified","On Minimum Bid","[PREMIUM]",,"CHAMBERSBURG","PA","17202 8694","USA","USD","[PREMIUM]","[PREMIUM]","SD020",true,"[PREMIUM]","SR5",false,false,"[PREMIUM]",,,,,,,,"[PREMIUM]"
"99864855","2026-01-18 17:25:31.353","2026-01-29 23:23:56.940","99864855","2026-01-29 14:32:11.000","[PREMIUM]","128","PA - CHAMBERSBURG","2026-01-30","FRIDAY","1000","EST","56","V",2017,"HYUNDAI","ELANTRA","ELANTRA SE","SEDAN 4D","GRAY","MINOR DENT/SCRATCHES",,"MD","CT","YES","D",176224,"A","[PREMIUM]",0,"2.0L  4","Front-wheel Drive","AUTOMATIC","GAS",4,"Run & Drive Verified","On Minimum Bid","[PREMIUM]",,"CHAMBERSBURG","PA","17202 8694","USA","USD","[PREMIUM]","[PREMIUM]","SD010",true,"[PREMIUM]","SE",false,false,"[PREMIUM]",,,,,,,,"[PREMIUM]"
"99479375","2026-01-18 17:25:31.348","2026-01-23 11:23:47.134","99479375","2026-01-22 15:26:43.000","[PREMIUM]","128","PA - CHAMBERSBURG","2026-01-23","FRIDAY","1000","EST","44","V",1998,"FORD","All Models","F150","3DR EXT","SILVER","MINOR DENT/SCRATCHES",,"WV","CT","YES","D",216571,"E","[PREMIUM]",0,"4.6L  8","4x4 w/Rear Wheel Drv","AUTOMATIC","GAS",8,"Run & Drive Verified","Pure Sale","[PREMIUM]",,"CHAMBERSBURG","PA","17202 8694","USA","USD","[PREMIUM]","[PREMIUM]","SD050",false,"[PREMIUM]",,false,false,"[PREMIUM]",,,,,,,,"[PREMIUM]"
"73105555","2026-01-18 17:25:30.733","2026-01-23 05:24:47.141","73105555","2026-01-22 14:38:00.000","[PREMIUM]","128","PA - CHAMBERSBURG","2026-01-23","FRIDAY","1000","EST","58","V",2017,"NISSAN","ALTIMA","ALTIMA 2.5",,"SILVER","MINOR DENT/SCRATCHES",,"MD","CT","YES","D",147063,"A","[PREMIUM]",0,"2.5L  4","Front-wheel Drive","AUTOMATIC","GAS",4,"Run & Drive Verified","On Approval","[PREMIUM]",,"CHAMBERSBURG","PA","17202 8694","USA","USD","[PREMIUM]","[PREMIUM]","SD040",false,"[PREMIUM]","2.5",false,false,"[PREMIUM]",,,,,,,,"[PREMIUM]"
"73883545","2026-01-18 17:25:30.334","2026-02-12 11:23:56.038","73883545","2026-02-10 00:34:42.000","[PREMIUM]","128","PA - CHAMBERSBURG","2026-02-13","FRIDAY","1000","EST","0","K",2020,"RAM","All Models","PROMASTER",,"BLUE","SIDE",,"MD","CT","YES","D",113510,"A","[PREMIUM]",0,"3.6L  6","Front-wheel Drive","AUTOMATIC","FLEXIBLE FUEL",6,"Run & Drive Verified","On Minimum Bid","[PREMIUM]",,"CHAMBERSBURG","PA","17202 8694","USA","USD","[PREMIUM]","[PREMIUM]","MED",true,"[PREMIUM]","3500 HIGH",false,false,"[PREMIUM]",,,,,,,,"[PREMIUM]"
"73883045","2026-01-18 17:25:30.240","2026-02-16 17:27:30.777","73883045","2026-02-13 23:35:10.000","[PREMIUM]","128","PA - CHAMBERSBURG","2026-02-20","FRIDAY","1000","EST","0","K",2020,"RAM","All Models","PROMASTER",,"BLUE","SIDE","MINOR DENT/SCRATCHES","MD","CT","YES","D",120192,"A","[PREMIUM]",0,"3.6L  6","Front-wheel Drive","AUTOMATIC","FLEXIBLE FUEL",6,"Run & Drive Verified","On Minimum Bid","[PREMIUM]",,"CHAMBERSBURG","PA","17202 8694","USA","USD","[PREMIUM]","[PREMIUM]","MED",true,"[PREMIUM]","3500 HIGH",false,false,"[PREMIUM]",,,,,,,,"[PREMIUM]"
"91798415","2026-01-18 17:23:52.346","2026-02-03 23:22:13.853","91798415","2026-02-03 17:54:47.000","[PREMIUM]","94","NY - ALBANY","2026-02-09","MONDAY","1000","EST","0","V",2024,"NISSAN","SENTRA","SENTRA S",,"GRAY","FRONT END",,"CT","ST","YES","D",12477,"A","[PREMIUM]",15573,"2.0L  4","Front-wheel Drive","AUTOMATIC","GAS",4,"Run & Drive Verified","On Minimum Bid","[PREMIUM]",,"ALBANY","NY","12205 4218","USA","USD","[PREMIUM]","[PREMIUM]","C050",false,"[PREMIUM]","S",false,false,"[PREMIUM]",,,,,,,,"[PREMIUM]"
"84785975","2026-01-18 17:23:30.553","2026-01-21 23:22:32.961","84785975","2026-01-21 12:22:22.000","[PREMIUM]","87","GA - SAVANNAH","2026-01-22","THURSDAY","1000","EST","132","V",2015,"ACURA","TLX","TLX TECH",,"WHITE","UNDERCARRIAGE","FRONT END","SC","ST","YES","D",243685,"A","[PREMIUM]",6266.75,"2.4L  4","Front-wheel Drive","AUTOMATIC","GAS",4,"Run & Drive Verified","Pure Sale","[PREMIUM]",,"SAVANNAH","GA","31405 9301","USA","USD","[PREMIUM]","[PREMIUM]","H270",false,"[PREMIUM]","TECH",false,false,"[PREMIUM]",,,,,,,,"[PREMIUM]"
"62646595","2026-01-18 17:23:30.036","2026-01-22 05:22:55.844","62646595","2026-01-21 12:42:35.000","[PREMIUM]","87","GA - SAVANNAH","2026-01-22","THURSDAY","1000","EST","173","V",2018,"NISSAN","TITAN","TITAN SV",,"BLACK","ROLLOVER",,"SC","ST","EXM","E",0,"N","[PREMIUM]",14898,"5.6L  8","Rear-wheel drive","AUTOMATIC","GAS",8,"DEFAULT","Pure Sale","[PREMIUM]",,"SAVANNAH","GA","31405 9301","USA","USD","[PREMIUM]","[PREMIUM]","J160",false,"[PREMIUM]","SV",false,false,"[PREMIUM]",,,,,,,,"[PREMIUM]"
"94818005","2026-01-18 17:22:46.340","2026-02-20 14:55:15.777","94818005","2026-02-17 07:47:07.000","[PREMIUM]","75","NM - ALBUQUERQUE","2026-02-23","MONDAY","1200","MST","0","V",2024,"FORD","All Models","F150 XLT",,"CHARCOAL","FRONT END",,"NM","ST","YES","D",21158,"A","[PREMIUM]",47023,"5.0L  8","4x4 w/Rear Wheel Drv","AUTOMATIC","GAS",8,"Run & Drive Verified","On Minimum Bid","[PREMIUM]",,"ALBUQUERQUE","NM","87105 4755","USA","USD","[PREMIUM]","[PREMIUM]","A100",false,"[PREMIUM]","XLT",false,false,"[PREMIUM]",,,,,,,,"[PREMIUM]"
"86788065","2026-01-18 17:21:50.147","2026-01-29 05:21:32.739","86788065","2026-01-22 20:14:43.000","[PREMIUM]","836","HEAVY TRUCK SPECIALTY SALE","2026-01-29","THURSDAY","1100","CST","0","U",2018,"HINO","UNKNOWN","UNKNOWN",,"WHITE","FRONT END",,"TN","SC","NO","E",0,"N","[PREMIUM]",32043,"7.6L  6","Rear-wheel drive","AUTOMATIC","DIESEL",6,"DEFAULT","On Minimum Bid","[PREMIUM]",,"LEBANON","TN","37090","USA","USD","[PREMIUM]","[PREMIUM]","HVY05",true,"[PREMIUM]",,false,false,"[PREMIUM]",,,,,,,,"[PREMIUM]"
"99475915","2026-01-18 17:21:27.639","2026-01-29 11:20:43.454","99475915","2026-01-28 03:17:08.000","[PREMIUM]","56","SC - COLUMBIA","2026-01-30","FRIDAY","1000","EST","0","V",2014,"MERCEDES-BENZ","SPRINTER","SPRINTER 2","SPORTS V","GRAY","MINOR DENT/SCRATCHES",,"SC","CT","YES",,390338,"N","[PREMIUM]",0,"3.0L  6","Rear-wheel drive","AUTOMATIC","DIESEL",6,,"On Minimum Bid","[PREMIUM]",,"GASTON","SC","29053","USA","USD","[PREMIUM]","[PREMIUM]","R060",true,"[PREMIUM]","2500",false,false,"[PREMIUM]",,,,,,,,"[PREMIUM]"
"98897755","2026-01-18 17:21:21.638","2026-02-04 23:20:31.034","98897755","2026-02-03 22:57:19.000","[PREMIUM]","56","SC - COLUMBIA","2026-02-06","FRIDAY","1000","EST","54","V",2007,"NISSAN","FRONTIER","FRONTIER C",,"GRAY","BIOHAZARD/CHEMICAL",,"SC","CT","EXM","E",0,"E","[PREMIUM]",0,"4.0L  6","Rear-wheel drive","AUTOMATIC","GAS",6,"DEFAULT","On Minimum Bid","[PREMIUM]",,"GASTON","SC","29053","USA","USD","[PREMIUM]","[PREMIUM]","A030",true,"[PREMIUM]","CREW CAB LE",false,false,"[PREMIUM]",,,,,,,,"[PREMIUM]"
"71881155","2026-01-18 17:21:12.034","2026-01-22 23:20:31.337","71881155","2026-01-20 23:59:07.000","[PREMIUM]","56","SC - COLUMBIA","2026-01-23","FRIDAY","1000","EST","2112","V",2023,"TOYOTA","COROLLA","COROLLA LE",,"GRAY","SIDE","FRONT END","SC","ST","YES","D",18907,"A","[PREMIUM]",20435,"2.0L  4","Front-wheel Drive","AUTOMATIC","GAS",4,"Run & Drive Verified","Pure Sale","[PREMIUM]",,"GASTON","SC","29053","USA","USD","[PREMIUM]","[PREMIUM]","E020",false,"[PREMIUM]","LE",false,false,"[PREMIUM]",,,,,,,,"[PREMIUM]"
"80283865","2026-01-18 17:21:11.837","2026-01-22 23:20:30.544","80283865","2026-01-20 23:59:07.000","[PREMIUM]","56","SC - COLUMBIA","2026-01-23","FRIDAY","1000","EST","2033","V",2014,"NISSAN","ROGUE","ROGUE S",,"SILVER","FRONT END",,"SC","ST","YES","D",142351,"A","[PREMIUM]",5566,"2.5L  4","Front-wheel Drive","AUTOMATIC","GAS",4,"Run & Drive Verified","Pure Sale","[PREMIUM]","VEH LOC @ STH GASTON SUBLOT ","GASTON","SC","29053","USA","USD","[PREMIUM]","[PREMIUM]","E020",false,"[PREMIUM]","S",false,false,"[PREMIUM]",,,,,,,,"[PREMIUM]"
"71097095","2026-01-18 17:21:11.534","2026-01-22 23:20:36.945","71097095","2026-01-20 23:59:06.000","[PREMIUM]","56","SC - COLUMBIA","2026-01-23","FRIDAY","1000","EST","45","V",2007,"INFINITI","M45","M45 BASE",,"TAN","REAR END",,"NC","SC","YES","D",160429,"E","[PREMIUM]",4798.85,"4.5L  8","Rear-wheel drive","AUTOMATIC","GAS",8,"Run & Drive Verified","Pure Sale","[PREMIUM]",,"GASTON","SC","29053","USA","USD","[PREMIUM]","[PREMIUM]","SB001",false,"[PREMIUM]","BASE",false,false,"[PREMIUM]",,,,,,,,"[PREMIUM]"
"70561945","2026-01-18 17:21:11.353","2026-01-22 23:20:30.745","70561945","2026-01-20 23:59:07.000","[PREMIUM]","56","SC - COLUMBIA","2026-01-23","FRIDAY","1000","EST","2049","V",2026,"RAM","1500 RHO","1500 RHO",,"BLACK","SIDE",,"SC","ST","YES","D",3926,"A","[PREMIUM]",72685,"3.0L  6","4x4 w/Rear Wheel Drv","AUTOMATIC","GAS",6,"Run & Drive Verified","Pure Sale","[PREMIUM]",,"GASTON","SC","29053","USA","USD","[PREMIUM]","[PREMIUM]","D040",false,"[PREMIUM]","RHO",false,false,"[PREMIUM]",,,,,,,,"[PREMIUM]"
"62136225","2026-01-18 17:21:11.341","2026-01-23 05:20:49.645","62136225","2026-01-20 23:59:07.000","[PREMIUM]","56","SC - COLUMBIA","2026-01-23","FRIDAY","1000","EST","3142","V",2012,"DODGE","AVENGER","AVENGER SE",,"WHITE","FRONT END","SIDE","SC","ST","YES","E",0,"N","[PREMIUM]",5374.83,"2.4L  4","Front-wheel Drive","AUTOMATIC","GAS",4,"DEFAULT","Pure Sale","[PREMIUM]",,"GASTON","SC","29053","USA","USD","[PREMIUM]","[PREMIUM]","C020",false,"[PREMIUM]","SE",false,false,"[PREMIUM]",,,,,,,,"[PREMIUM]"
"63488695","2026-01-18 17:21:11.341","2026-01-22 23:20:30.734","63488695","2026-01-20 23:59:06.000","[PREMIUM]","56","SC - COLUMBIA","2026-01-23","FRIDAY","1000","EST","74","V",2015,"TOYOTA","CAMRY","CAMRY LE",,"BURGUNDY","FRONT END","SIDE","SC","ST","YES","D",172803,"A","[PREMIUM]",9410.4,"2.5L  4","Front-wheel Drive","AUTOMATIC","GAS",4,"Run & Drive Verified","Pure Sale","[PREMIUM]",,"GASTON","SC","29053","USA","USD","[PREMIUM]","[PREMIUM]","J070",false,"[PREMIUM]","LE",false,false,"[PREMIUM]",,,,,,,,"[PREMIUM]"
"64013115","2026-01-18 17:21:11.340","2026-01-22 23:20:30.535","64013115","2026-01-20 23:59:07.000","[PREMIUM]","56","SC - COLUMBIA","2026-01-23","FRIDAY","1000","EST","2151","V",2020,"FORD","EXPEDITION","EXPEDITION",,"GRAY","SIDE","UNDERCARRIAGE","SC","ST","YES","D",114939,"A","[PREMIUM]",21469,"3.5L  6","Rear-wheel drive","AUTOMATIC","GAS",6,"Run & Drive Verified","Pure Sale","[PREMIUM]",,"GASTON","SC","29053","USA","USD","[PREMIUM]","[PREMIUM]","C050",false,"[PREMIUM]","MAX LIMITED",false,false,"[PREMIUM]",,,,,,,,"[PREMIUM]"
"65194785","2026-01-18 17:21:11.240","2026-01-22 23:20:32.652","65194785","2026-01-20 23:59:07.000","[PREMIUM]","56","SC - COLUMBIA","2026-01-23","FRIDAY","1000","EST","3038","V",2013,"MAZDA","CX-9","CX-9",,"BLACK","FRONT END",,"SC","ST","YES","S",204864,"A","[PREMIUM]",4160.28,"3.7L  6","All wheel drive","AUTOMATIC","GAS",6,"Vehicle Starts","Pure Sale","[PREMIUM]",,"GASTON","SC","29053","USA","USD","[PREMIUM]","[PREMIUM]","M050",false,"[PREMIUM]","GRAND TOURING",false,false,"[PREMIUM]",,,,,,,,"[PREMIUM]"
"59589405","2026-01-18 17:21:11.236","2026-01-23 05:20:49.463","59589405","2026-01-20 23:59:06.000","[PREMIUM]","56","SC - COLUMBIA","2026-01-23","FRIDAY","1000","EST","35","V",2014,"NISSAN","ROGUE","ROGUE SELE",,"SILVER","FRONT END",,"SC","ST","YES","D",137232,"A","[PREMIUM]",4218.73,"2.5L  4","Front-wheel Drive","AUTOMATIC","GAS",4,"Run & Drive Verified","Pure Sale","[PREMIUM]",,"GASTON","SC","29053","USA","USD","[PREMIUM]","[PREMIUM]","M040",false,"[PREMIUM]","S",false,false,"[PREMIUM]",,,,,,,,"[PREMIUM]"
"61974765","2026-01-18 17:21:11.235","2026-01-23 05:20:49.644","61974765","2026-01-20 23:59:06.000","[PREMIUM]","56","SC - COLUMBIA","2026-01-23","FRIDAY","1000","EST","43","V",2025,"TOYOTA","CAMRY","CAMRY XSE",,"SILVER","MECHANICAL",,"SC","ST","YES","D",357,"A","[PREMIUM]",29089.91,"2.5L  4","Front-wheel Drive","AUTOMATIC","HYBRID ENGINE",4,"Run & Drive Verified","On Minimum Bid","[PREMIUM]","VEHICLE LOC@ PINE PLAINS LOT","GASTON","SC","29053","USA","USD","[PREMIUM]","[PREMIUM]","K030",false,"[PREMIUM]","XSE",false,false,"[PREMIUM]",,,,,,,,"[PREMIUM]"
"59764225","2026-01-18 17:21:11.233","2026-01-23 11:20:21.636","59764225","2026-01-20 23:59:07.000","[PREMIUM]","56","SC - COLUMBIA","2026-01-23","FRIDAY","1000","EST","3065","V",2017,"TOYOTA","HIGHLANDER","HIGHLANDER LE",,"WHITE","FRONT END","UNDERCARRIAGE","SC","ST","YES","S",20047,"A","[PREMIUM]",22569,"2.7L  4","Front-wheel Drive","AUTOMATIC","GAS",4,"Vehicle Starts","Pure Sale","[PREMIUM]",,"GASTON","SC","29053","USA","USD","[PREMIUM]","[PREMIUM]","E050",false,"[PREMIUM]","LE",false,false,"[PREMIUM]",,,,,,,,"[PREMIUM]"
"55762775","2026-01-18 17:21:11.035","2026-01-22 23:20:30.439","55762775","2026-01-20 23:59:06.000","[PREMIUM]","56","SC - COLUMBIA","2026-01-23","FRIDAY","1000","EST","108","V",2014,"CHEVROLET","IMPALA","IMPALA LS",,"BEIGE","REAR END",,"SC","ST","YES","D",274272,"A","[PREMIUM]",1000,"2.5L  4","Front-wheel Drive","AUTOMATIC","GAS",4,"Run & Drive Verified","Pure Sale","[PREMIUM]",,"GASTON","SC","29053","USA","USD","[PREMIUM]","[PREMIUM]","L030",false,"[PREMIUM]","LS",false,false,"[PREMIUM]",,,,,,,,"[PREMIUM]"
"59058365","2026-01-18 17:21:11.035","2026-01-23 05:20:49.467","59058365","2026-01-20 23:59:07.000","[PREMIUM]","56","SC - COLUMBIA","2026-01-23","FRIDAY","1000","EST","3009","V",2016,"NISSAN","PATHFINDER","PATHFINDER",,"BLACK","FRONT END",,"SC","ST","YES","E",0,"N","[PREMIUM]",17566.59,"3.5L  6","Front-wheel Drive","AUTOMATIC","GAS",6,"DEFAULT","Pure Sale","[PREMIUM]",,"GASTON","SC","29053","USA","USD","[PREMIUM]","[PREMIUM]","A090",false,"[PREMIUM]","S",false,false,"[PREMIUM]",,,,,,,,"[PREMIUM]"
"56908055","2026-01-18 17:21:03.188","2026-01-19 23:20:21.935","56908055","2026-01-18 12:55:42.000","[PREMIUM]","54","NC - RALEIGH","2026-01-20","TUESDAY","1000","EST","0","V",2012,"TOYOTA","HIGHLANDER","HIGHLANDER","4DR SPOR","GRAY","REAR END",,"NC","PO","YES","D",165726,"A","[PREMIUM]",8077.3,"2.7L  4","Front-wheel Drive","AUTOMATIC","GAS",4,"Run & Drive Verified","Pure Sale","[PREMIUM]",,"DUNN","NC","28334 5446","USA","USD","[PREMIUM]","[PREMIUM]","V010",false,"[PREMIUM]","BASE",false,false,"[PREMIUM]",,,,,,,,"[PREMIUM]"
"92995495","2026-01-18 17:21:03.187","2026-01-19 17:21:04.169","92995495","2026-01-18 12:55:43.000","[PREMIUM]","54","NC - RALEIGH","2026-01-20","TUESDAY","1000","EST","0","V",2015,"JEEP","GRAND CHER","CHEROKEE L","4DR SPOR","BLACK","FRONT END","SIDE","NC","PO","NO","E",137405,"A","[PREMIUM]",0,"3.2L  6","4x4 w/Front Whl Drv","AUTOMATIC","FLEXIBLE FUEL",6,"DEFAULT","Pure Sale","[PREMIUM]",,"DUNN","NC","28334 5446","USA","USD","[PREMIUM]","[PREMIUM]","B040",false,"[PREMIUM]","LATITUDE",false,false,"[PREMIUM]",,,,,,,,"[PREMIUM]"
"81099375","2026-01-18 17:21:02.252","2026-01-19 17:21:03.437","81099375","2026-01-18 12:55:43.000","[PREMIUM]","54","NC - RALEIGH","2026-01-20","TUESDAY","1000","EST","0","V",2007,"CHEVROLET","MALIBU","MALIBU LTZ","SEDAN 4D","SILVER","FRONT END",,"NC","PO","YES","D",230008,"E","[PREMIUM]",3591.43,"3.5L  6","Front-wheel Drive","AUTOMATIC","GAS",6,"Run & Drive Verified","Pure Sale","[PREMIUM]",,"DUNN","NC","28334 5446","USA","USD","[PREMIUM]","[PREMIUM]","G120",false,"[PREMIUM]","LTZ",false,false,"[PREMIUM]",,,,,,,,"[PREMIUM]"
"69976125","2026-01-18 17:21:02.036","2026-01-19 17:21:02.438","69976125","2026-01-18 12:55:42.000","[PREMIUM]","54","NC - RALEIGH","2026-01-20","TUESDAY","1000","EST","0","V",2020,"MITSUBISHI","MIRAGE","MIRAGE G4",,"WHITE","ALL OVER",,"NC","SC","NO","E",71045,"N","[PREMIUM]",9604.1,"1.2L  3","Front-wheel Drive","AUTOMATIC","GAS",3,"DEFAULT","Pure Sale","[PREMIUM]",,"DUNN","NC","28334 5446","USA","USD","[PREMIUM]","[PREMIUM]","E140",false,"[PREMIUM]","G4 ES",false,false,"[PREMIUM]",,,,,,,,"[PREMIUM]"
"74147885","2026-01-18 17:20:57.736","2026-02-20 14:53:17.216","74147885","2026-02-19 14:22:05.000","[PREMIUM]","53","MA - NORTH BOSTON","2026-02-20","FRIDAY","1000","EST","2040","V",2016,"TOYOTA","TACOMA","TACOMA DOU","CREW PIC","BLUE","NORMAL WEAR",,"GA","CT","YES","D",256105,"A","[PREMIUM]",0,"3.5L  6","Rear-wheel drive","AUTOMATIC","GAS",6,"Run & Drive Verified","On Minimum Bid","[PREMIUM]",,"NORTH BILLERICA","MA","01862 1632","USA","USD","[PREMIUM]","[PREMIUM]","*OFF",false,"[PREMIUM]","DOUBLE CAB",false,false,"[PREMIUM]","55R HIGH STREET","MA","NORTH BILLERICA","01862",,,,"[PREMIUM]"
"74147305","2026-01-18 17:20:57.640","2026-01-23 05:20:39.233","74147305","2026-01-22 14:41:23.000","[PREMIUM]","53","MA - NORTH BOSTON","2026-01-23","FRIDAY","1000","EST","2060","V",2019,"BMW","X4","X4 XDRIVE3",,"BLACK","NORMAL WEAR","MINOR DENT/SCRATCHES","CT","CT","YES","D",165697,"A","[PREMIUM]",0,"2.0L  4","All wheel drive","AUTOMATIC","GAS",4,"Run & Drive Verified","On Minimum Bid","[PREMIUM]",,"NORTH BILLERICA","MA","01862 1632","USA","USD","[PREMIUM]","[PREMIUM]","*OFF",true,"[PREMIUM]","XDRIVE30I",false,false,"[PREMIUM]","55R HIGH STREET","MA","NORTH BILLERICA","01862",,,,"[PREMIUM]"
"74144695","2026-01-18 17:20:57.145","2026-02-19 14:52:50.642","74144695","2026-02-19 11:51:31.000","[PREMIUM]","53","MA - NORTH BOSTON","2026-02-19","THURSDAY","1000","EST","2078","V",2014,"TOYOTA","All Models","SIENNA","SPORTS V","BURGUNDY","MECHANICAL","MINOR DENT/SCRATCHES","MA","CT","YES",,208210,"A","[PREMIUM]",0,"3.5L  6","Front-wheel Drive",,"GAS",6,,"On Minimum Bid","[PREMIUM]",,"NORTH BILLERICA","MA","01862 1632","USA","USD","[PREMIUM]","[PREMIUM]","*OFF",false,"[PREMIUM]",,false,false,"[PREMIUM]","55R HIGH STREET","MA","NORTH BILLERICA","01862",,,,"[PREMIUM]"
"74145795","2026-01-18 17:20:57.138","2026-02-05 23:20:26.547","74145795","2026-02-05 17:25:43.000","[PREMIUM]","53","MA - NORTH BOSTON","2026-02-06","FRIDAY","1000","EST","2062","V",2018,"MERCEDES-BENZ","GLS-CLASS","GLS 450 4M",,"BLACK","NORMAL WEAR",,"GA","CT","YES","D",116467,"A","[PREMIUM]",0,"3.0L  6","All wheel drive","AUTOMATIC","GAS",6,"Run & Drive Verified","On Minimum Bid","[PREMIUM]",,"NORTH BILLERICA","MA","01862 1632","USA","USD","[PREMIUM]","[PREMIUM]","*OFF",true,"[PREMIUM]","450 4MATIC",false,false,"[PREMIUM]","55R HIGH STREET","MA","NORTH BILLERICA","01862",,,,"[PREMIUM]"
"74147535","2026-01-18 17:20:57.042","2026-02-12 23:19:58.949","74147535","2026-02-12 12:34:39.000","[PREMIUM]","53","MA - NORTH BOSTON","2026-02-13","FRIDAY","1000","EST","2078","V",2020,"MERCEDES-BENZ","CLA-CLASS","CLA 250 4M",,"BLACK","NORMAL WEAR","MINOR DENT/SCRATCHES","VA","CT","YES","D",88226,"A","[PREMIUM]",0,"2.0L  4","All wheel drive","AUTOMATIC","GAS",4,"Run & Drive Verified","On Minimum Bid","[PREMIUM]",,"NORTH BILLERICA","MA","01862 1632","USA","USD","[PREMIUM]","[PREMIUM]","*OFF",true,"[PREMIUM]","250 4MATIC",false,false,"[PREMIUM]","55R HIGH STREET","MA","NORTH BILLERICA","01862",,,,"[PREMIUM]"
"74146505","2026-01-18 17:20:57.038","2026-02-20 14:53:17.218","74146505","2026-02-19 14:22:05.000","[PREMIUM]","53","MA - NORTH BOSTON","2026-02-20","FRIDAY","1000","EST","2082","V",2019,"SUBARU","OUTBACK","OUTBACK 2.",,"GRAY","NORMAL WEAR",,"VA","CT","YES","D",175658,"A","[PREMIUM]",0,"2.5L  4","All wheel drive","AUTOMATIC","GAS",4,"Run & Drive Verified","On Minimum Bid","[PREMIUM]",,"NORTH BILLERICA","MA","01862 1632","USA","USD","[PREMIUM]","[PREMIUM]","*OFF",false,"[PREMIUM]","2.5I PREMIUM",false,false,"[PREMIUM]","55R HIGH STREET","MA","NORTH BILLERICA","01862",,,,"[PREMIUM]"
"74145015","2026-01-18 17:20:56.947","2026-02-04 05:20:00.548","74145015","2026-02-04 03:45:23.000","[PREMIUM]","53","MA - NORTH BOSTON","2026-02-05","THURSDAY","1000","EST","0","V",2013,"TOYOTA","All Models","SIENNA","SPORTS V","GRAY","NORMAL WEAR",,"MA","CT","YES","D",256602,"A","[PREMIUM]",0,"3.5L  6","Front-wheel Drive","AUTOMATIC","GAS",6,"Run & Drive Verified","On Minimum Bid","[PREMIUM]",,"NORTH BILLERICA","MA","01862 1632","USA","USD","[PREMIUM]","[PREMIUM]","*OFF",true,"[PREMIUM]",,false,false,"[PREMIUM]","55R HIGH STREET","MA","NORTH BILLERICA","01862",,,,"[PREMIUM]"
"74148035","2026-01-18 17:20:56.947","2026-02-05 23:20:26.668","74148035","2026-02-05 17:25:43.000","[PREMIUM]","53","MA - NORTH BOSTON","2026-02-06","FRIDAY","1000","EST","2070","V",2021,"BMW","X7","X7 XDRIVE4",,"WHITE","NORMAL WEAR","MINOR DENT/SCRATCHES","MD","CT","YES","D",197005,"A","[PREMIUM]",0,"3.0L  6","All wheel drive","AUTOMATIC","GAS",6,"Run & Drive Verified","On Minimum Bid","[PREMIUM]",,"NORTH BILLERICA","MA","01862 1632","USA","USD","[PREMIUM]","[PREMIUM]","*OFF",true,"[PREMIUM]","XDRIVE40I",false,false,"[PREMIUM]","55R HIGH STREET","MA","NORTH BILLERICA","01862",,,,"[PREMIUM]"
"74144525","2026-01-18 17:20:56.947","2026-02-20 14:53:17.205","74144525","2026-02-19 21:57:37.000","[PREMIUM]","880","*NCS - EASTERN REGION","2026-02-23","MONDAY","2100","EST","0","V",2012,"FORD","ALL Models","ECONOLINE","SPORTS V","WHITE","NORMAL WEAR","MINOR DENT/SCRATCHES","MA","CT","YES","D",220280,"A","[PREMIUM]",0,"5.4L  8","Rear-wheel drive","AUTOMATIC","GAS",8,"Run & Drive Verified","On Minimum Bid","[PREMIUM]",,"NORTH BILLERICA","MA","01862 1632","USA","USD","[PREMIUM]","[PREMIUM]","*OFF",true,"[PREMIUM]","E350 SUPER DUTY WAGON",false,false,"[PREMIUM]","55R HIGH STREET","MA","NORTH BILLERICA","01862",,,,"[PREMIUM]"
"74146345","2026-01-18 17:20:56.946","2026-02-20 14:53:17.206","74146345","2026-02-19 14:22:05.000","[PREMIUM]","53","MA - NORTH BOSTON","2026-02-20","FRIDAY","1000","EST","2060","V",2018,"MERCEDES-BENZ","C-CLASS","C 43 4MATI",,"BLACK","NORMAL WEAR",,"MA","CT","YES","D",143853,"A","[PREMIUM]",0,"3.0L  6","All wheel drive","AUTOMATIC","GAS",6,"Run & Drive Verified","On Minimum Bid","[PREMIUM]",,"NORTH BILLERICA","MA","01862 1632","USA","USD","[PREMIUM]","[PREMIUM]","*OFF",false,"[PREMIUM]","43 4MATIC AMG",false,false,"[PREMIUM]","55R HIGH STREET","MA","NORTH BILLERICA","01862",,,,"[PREMIUM]"
"74147075","2026-01-18 17:20:56.944","2026-02-20 14:53:17.229","74147075","2026-02-19 14:22:05.000","[PREMIUM]","53","MA - NORTH BOSTON","2026-02-20","FRIDAY","1000","EST","2114","V",2022,"CHEVROLET","SUBURBAN","SUBURBAN K",,"BLACK","NORMAL WEAR",,"PA","CT","YES","D",195782,"A","[PREMIUM]",0,"5.3L  8","4x4 w/Rear Wheel Drv","AUTOMATIC","GAS",8,"Run & Drive Verified","On Minimum Bid","[PREMIUM]",,"NORTH BILLERICA","MA","01862 1632","USA","USD","[PREMIUM]","[PREMIUM]","*OFF",false,"[PREMIUM]","K1500 LT",false,false,"[PREMIUM]","55R HIGH STREET","MA","NORTH BILLERICA","01862",,,,"[PREMIUM]"
"74144905","2026-01-18 17:20:56.940","2026-02-04 23:20:14.141","74144905","2026-02-04 19:34:29.000","[PREMIUM]","53","MA - NORTH BOSTON","2026-02-05","THURSDAY","1000","EST","66","V",2016,"TOYOTA","All Models","SIENNA","SPORTS V","WHITE","NORMAL WEAR","MINOR DENT/SCRATCHES","MA","CT","YES","D",197152,"A","[PREMIUM]",0,"3.5L  6","Front-wheel Drive","AUTOMATIC","GAS",6,"Run & Drive Verified","On Minimum Bid","[PREMIUM]",,"NORTH BILLERICA","MA","01862 1632","USA","USD","[PREMIUM]","[PREMIUM]","*OFF",true,"[PREMIUM]",,false,false,"[PREMIUM]","55R HIGH STREET","MA","NORTH BILLERICA","01862",,,,"[PREMIUM]"
"74144845","2026-01-18 17:20:56.938","2026-02-03 23:19:42.842","74144845","2026-02-03 02:24:19.000","[PREMIUM]","53","MA - NORTH BOSTON","2026-02-05","THURSDAY","1000","EST","0","V",2014,"TOYOTA","All Models","SIENNA","SPORTS V","BURGUNDY","NORMAL WEAR",,"MA","CT","YES","D",232394,"A","[PREMIUM]",0,"3.5L  6","Front-wheel Drive","AUTOMATIC","GAS",6,"Run & Drive Verified","On Minimum Bid","[PREMIUM]",,"NORTH BILLERICA","MA","01862 1632","USA","USD","[PREMIUM]","[PREMIUM]","*OFF",true,"[PREMIUM]",,false,false,"[PREMIUM]","55R HIGH STREET","MA","NORTH BILLERICA","01862",,,,"[PREMIUM]"
"74146135","2026-01-18 17:20:56.938","2026-01-30 05:20:46.234","74146135","2026-01-29 20:42:17.000","[PREMIUM]","53","MA - NORTH BOSTON","2026-01-30","FRIDAY","1000","EST","2068","V",2022,"FORD","TRANSIT","TRANSIT CO",,"GRAY","NORMAL WEAR","MINOR DENT/SCRATCHES","ME","RS","YES","D",1,"N","[PREMIUM]",0,"2.0L  4","Front-wheel Drive","AUTOMATIC","GAS",4,"Run & Drive Verified","On Minimum Bid","[PREMIUM]",,"NORTH BILLERICA","MA","01862 1632","USA","USD","[PREMIUM]","[PREMIUM]","*OFF",true,"[PREMIUM]","XLT",false,false,"[PREMIUM]","55R HIGH STREET","MA","NORTH BILLERICA","01862",,,,"[PREMIUM]"
"74145745","2026-01-18 17:20:56.936","2026-02-02 19:32:03.452","74145745","2026-02-02 17:55:22.000","[PREMIUM]","53","MA - NORTH BOSTON","2026-02-06","FRIDAY","1000","EST","0","V",2018,"HONDA","CRV","CR-V EX",,"BLUE","NORMAL WEAR",,"WV","CT","YES","D",136393,"A","[PREMIUM]",0,"1.5L  4","All wheel drive","AUTOMATIC","GAS",4,"Run & Drive Verified","On Minimum Bid","[PREMIUM]",,"NORTH BILLERICA","MA","01862 1632","USA","USD","[PREMIUM]","[PREMIUM]","*OFF",true,"[PREMIUM]","EX",false,false,"[PREMIUM]","55R HIGH STREET","MA","NORTH BILLERICA","01862",,,,"[PREMIUM]"
"74146195","2026-01-18 17:20:56.936","2026-02-10 23:20:04.231","74146195","2026-02-10 19:01:07.000","[PREMIUM]","880","*NCS - EASTERN REGION","2026-02-10","TUESDAY","2100","EST","4091","V",2019,"MITSUBISHI","OUTLANDER","OUTLANDER",,"WHITE","NORMAL WEAR","MINOR DENT/SCRATCHES","PA","CT","YES","D",47055,"A","[PREMIUM]",0,"2.4L  4","Front-wheel Drive","AUTOMATIC","GAS",4,"Run & Drive Verified","On Minimum Bid","[PREMIUM]",,"NORTH BILLERICA","MA","01862 1632","USA","USD","[PREMIUM]","[PREMIUM]","*OFF",true,"[PREMIUM]","ES",false,false,"[PREMIUM]","55R HIGH STREET","MA","NORTH BILLERICA","01862",,,,"[PREMIUM]"
"74145155","2026-01-18 17:20:56.935","2026-02-19 14:52:50.741","74145155","2026-02-19 09:00:19.000","[PREMIUM]","53","MA - NORTH BOSTON","2026-02-19","THURSDAY","1000","EST","25","V",2014,"GMC","SAVANA","SAVANA CUT","CUTAWAY","YELLOW","NORMAL WEAR","MINOR DENT/SCRATCHES","MA","CT","YES","D",71692,"A","[PREMIUM]",0,"6.0L  8","Rear-wheel drive","AUTOMATIC","FLEXIBLE FUEL",8,"Run & Drive Verified","On Minimum Bid","[PREMIUM]",,"NORTH BILLERICA","MA","01862 1632","USA","USD","[PREMIUM]","[PREMIUM]","*OFF",false,"[PREMIUM]","CUTAWAY G3500",false,false,"[PREMIUM]","55R HIGH STREET","MA","NORTH BILLERICA","01862",,,,"[PREMIUM]"
"74144615","2026-01-18 17:20:56.837","2026-01-21 23:20:14.133","74144615","2026-01-21 20:39:21.000","[PREMIUM]","53","MA - NORTH BOSTON","2026-01-22","THURSDAY","1000","EST","82","V",2014,"FORD","ALL Models","ECONOLINE","CARGO VA","GRAY","NORMAL WEAR","MINOR DENT/SCRATCHES","MA","CT","YES","D",157190,"A","[PREMIUM]",0,"4.6L  8","Rear-wheel drive","AUTOMATIC","GAS",8,"Run & Drive Verified","On Minimum Bid","[PREMIUM]",,"NORTH BILLERICA","MA","01862 1632","USA","USD","[PREMIUM]","[PREMIUM]","*OFF",true,"[PREMIUM]","E250 VAN",false,false,"[PREMIUM]","55R HIGH STREET","MA","NORTH BILLERICA","01862",,,,"[PREMIUM]"
"74145505","2026-01-18 17:18:43.034","2026-01-19 17:18:52.737","74145505","2026-01-18 14:16:10.000","[PREMIUM]","23","CT - HARTFORD","2026-01-20","TUESDAY","1000","EST","0","V",2010,"NISSAN","FRONTIER","FRONTIER K","4DR EXT","WHITE","MINOR DENT/SCRATCHES","NORMAL WEAR","CT","CT","YES","D",131756,"A","[PREMIUM]",0,"4.0L  6","4x4 w/Rear Wheel Drv","AUTOMATIC","GAS",6,"Run & Drive Verified","On Minimum Bid","[PREMIUM]",,"NEW BRITAIN","CT","06051 4123","USA","USD","[PREMIUM]","[PREMIUM]","*OFF",true,"[PREMIUM]","KING CAB SE",false,false,"[PREMIUM]","138 CHRISTIAN LANE","CT","NEW BRITAIN","06051",,,,"[PREMIUM]"
"74145445","2026-01-18 17:18:42.939","2026-01-19 17:18:52.635","74145445","2026-01-18 14:11:09.000","[PREMIUM]","23","CT - HARTFORD","2026-01-20","TUESDAY","1000","EST","0","V",2003,"TOYOTA","TACOMA","TACOMA XTR","CLUB CAB","GRAY","NORMAL WEAR","MINOR DENT/SCRATCHES","CT","CT","YES","D",200681,"A","[PREMIUM]",0,"3.4L  6","4x4 w/Rear Wheel Drv","AUTOMATIC","GAS",6,"Run & Drive Verified","On Minimum Bid","[PREMIUM]",,"NEW BRITAIN","CT","06051 4123","USA","USD","[PREMIUM]","[PREMIUM]","*OFF",true,"[PREMIUM]","XTRACAB",false,false,"[PREMIUM]","138 CHRISTIAN LANE","CT","NEW BRITAIN","06051",,,,"[PREMIUM]"
"73509785","2026-01-18 17:18:13.544","2026-01-19 17:18:20.560","73509785","2026-01-18 16:53:11.000","[PREMIUM]","16","CA - SO SACRAMENTO","2026-01-19","MONDAY","1200","PST","1145","V",2016,"TOYOTA","PRIUS","PRIUS",,"GRAY","REAR END","FRONT END","CA","DV","YES",,0,"N","[PREMIUM]",0,"1.8L  4","Front-wheel Drive","AUTOMATIC","HYBRID ENGINE",4,,"On Minimum Bid","[PREMIUM]",,"SACRAMENTO","CA","95828 2641","USA","USD","[PREMIUM]","[PREMIUM]","REC1",true,"[PREMIUM]",,false,false,"[PREMIUM]",,,,,,,,"[PREMIUM]"
"72150095","2026-01-18 11:28:02.847","2026-02-02 19:40:18.255","72150095","2026-02-02 15:07:46.000","[PREMIUM]","369","KS - KANSAS CITY","2026-02-03","TUESDAY","1200","CST","2","V",2011,"ACURA","TL","TL",,"GRAY","FRONT END",,"MO","SC","YES","D",187503,"A","[PREMIUM]",7694.62,"3.5L  6","Front-wheel Drive","AUTOMATIC","GAS",6,"Run & Drive Verified","Pure Sale","[PREMIUM]",,"KANSAS CITY","KS","66111 2629","USA","USD","[PREMIUM]","[PREMIUM]","REC3",false,"[PREMIUM]",,false,false,"[PREMIUM]",,,,,,,,"[PREMIUM]"
"86319685","2026-01-18 11:27:42.154","2026-02-08 17:32:36.345","86319685","2026-02-04 15:54:39.000","[PREMIUM]","360","IN - FORT WAYNE","2026-02-09","MONDAY","1000","EST","0","V",2006,"HONDA","CIVIC","CIVIC LX",,"BLUE","SIDE",,"IN","ST","YES","D",194406,"A","[PREMIUM]",3432.28,"1.8L  4","Front-wheel Drive","AUTOMATIC","GAS",4,"Run & Drive Verified","Pure Sale","[PREMIUM]",,"FORT WAYNE","IN","46803 1546","USA","USD","[PREMIUM]","[PREMIUM]","E100",false,"[PREMIUM]","LX",false,false,"[PREMIUM]",,,,,,,,"[PREMIUM]"
"72559525","2026-01-18 11:27:39.533","2026-02-16 17:32:25.634","72559525","2026-02-09 14:48:50.000","[PREMIUM]","359","GA - AUGUSTA","2026-02-17","TUESDAY","1000","EST","0","V",2011,"HONDA","CIVIC","CIVIC VP","SEDAN 4D","WHITE","FRONT END",,"SC","ST","YES","D",80379,"A","[PREMIUM]",5674,"1.8L  4","Front-wheel Drive","AUTOMATIC","GAS",4,"Run & Drive Verified","On Minimum Bid","[PREMIUM]",,"AUGUSTA","GA","30906","USA","USD","[PREMIUM]","[PREMIUM]","SC002",false,"[PREMIUM]","VP",false,false,"[PREMIUM]",,,,,,,,"[PREMIUM]"
"95262145","2026-01-18 11:27:34.065","2026-01-28 17:28:31.960","95262145","2026-01-21 21:59:27.000","[PREMIUM]","356","NC - CONCORD","2026-01-29","THURSDAY","1000","EST","7","V",2010,"MAZDA","6","6 I",,"SILVER","SIDE",,"NC","SC","YES","D",115516,"E","[PREMIUM]",4725.95,"2.5L  4","Front-wheel Drive","AUTOMATIC","GAS",4,"Run & Drive Verified","Pure Sale","[PREMIUM]",,"CONCORD","NC","28025 8271","USA","USD","[PREMIUM]","[PREMIUM]","D270",false,"[PREMIUM]","I",false,false,"[PREMIUM]",,,,,,,,"[PREMIUM]"
"93932525","2026-01-18 11:27:33.952","2026-01-28 17:28:31.545","93932525","2026-01-21 21:59:27.000","[PREMIUM]","356","NC - CONCORD","2026-01-29","THURSDAY","1000","EST","1114","V",2006,"HONDA","ACCORD","ACCORD EX",,"WHITE","FRONT END",,"NC","SC","YES","E",267493,"E","[PREMIUM]",1280,"3.0L  6","Front-wheel Drive","AUTOMATIC","GAS",6,"DEFAULT","Pure Sale","[PREMIUM]",,"CONCORD","NC","28025 8271","USA","USD","[PREMIUM]","[PREMIUM]","D200",false,"[PREMIUM]","EX",false,false,"[PREMIUM]",,,,,,,,"[PREMIUM]"
"97077935","2026-01-18 11:27:18.133","2026-01-29 05:28:15.840","97077935","2026-01-28 13:35:59.000","[PREMIUM]","341","AL - DOTHAN","2026-01-29","THURSDAY","1200","CST","39","V",2005,"HONDA","CRV","CR-V SE",,"GOLD","SIDE",,"FL","RB","YES","D",165609,"A","[PREMIUM]",6400.9,"2.4L  4","All wheel drive","AUTOMATIC","GAS",4,"Run & Drive Verified","Pure Sale","[PREMIUM]",,"NEWTON","AL","36352 8228","USA","USD","[PREMIUM]","[PREMIUM]","C010",false,"[PREMIUM]","SE",false,false,"[PREMIUM]",,,,,,,,"[PREMIUM]"
"93197335","2026-01-18 11:27:13.336","2026-02-20 15:01:00.839","93197335","2026-01-13 21:17:51.000","[PREMIUM]","199","RI - EXETER",,,,"EST","0","V",2005,"HONDA","ACCORD","ACCORD HYB",,"TAN","FRONT END",,"RI","SC","YES","D",191498,"A","[PREMIUM]",4924.9,"3.0L  6","Front-wheel Drive","AUTOMATIC","HYBRID ENGINE",6,"Run & Drive Verified","Pure Sale","[PREMIUM]",,"EXETER","RI","02822 2000","USA","USD","[PREMIUM]","[PREMIUM]","C050",false,"[PREMIUM]","HYBRID",false,false,"[PREMIUM]",,,,,,,,"[PREMIUM]"
"96742035","2026-01-18 11:27:03.265","2026-01-22 23:27:29.736","96742035","2026-01-21 15:48:37.000","[PREMIUM]","336","UT - SALT LAKE CITY","2026-01-23","FRIDAY","1200","MST","0","V",2009,"ACURA","TL","TL",,"BLACK","FRONT END",,"UT","SC","NO","E",0,"E","[PREMIUM]",0,"3.5L  6","Front-wheel Drive","AUTOMATIC","GAS",6,"DEFAULT","Pure Sale","[PREMIUM]",,"MAGNA","UT","84044 1470","USA","USD","[PREMIUM]","[PREMIUM]","B040",false,"[PREMIUM]",,false,false,"[PREMIUM]",,,,,,,,"[PREMIUM]"
"92100195","2026-01-18 11:26:58.433","2026-01-28 17:27:53.138","92100195","2026-01-27 19:03:00.000","[PREMIUM]","328","WY - CASPER","2026-01-28","WEDNESDAY","1200","MST","40","V",2010,"HONDA","CRV","CR-V EXL","4DR SPOR","WHITE","FRONT END","SIDE","WY","CT","YES","D",66439,"E","[PREMIUM]",0,"2.4L  4","All wheel drive","AUTOMATIC","GAS",4,"Run & Drive Verified","On Minimum Bid","[PREMIUM]",,"CASPER","WY","82601","USA","USD","[PREMIUM]","[PREMIUM]","C120",false,"[PREMIUM]","EXL",false,false,"[PREMIUM]",,,,,,,,"[PREMIUM]"
"92939575","2026-01-18 11:26:57.155","2026-02-20 15:01:17.787","92939575","2026-02-18 18:50:45.000","[PREMIUM]","326","MS - GRENADA","2026-02-25","WEDNESDAY","1200","CST","0","V",2009,"HONDA","CIVIC","CIVIC VP","SEDAN 4D","SILVER","FRONT END",,"MS","ST","YES","D",198801,"E","[PREMIUM]",5126.55,"1.8L  4","Front-wheel Drive","AUTOMATIC","GAS",4,"Run & Drive Verified","On Minimum Bid","[PREMIUM]",,"GRENADA","MS","38901","USA","USD","[PREMIUM]","[PREMIUM]","C070",true,"[PREMIUM]","VP",false,false,"[PREMIUM]",,,,,,,,"[PREMIUM]"
"99611285","2026-01-18 11:26:37.576","2026-02-20 03:17:56.763","99611285","2026-02-19 23:00:22.000","[PREMIUM]","197","SC - NORTH CHARLESTON","2026-02-25","WEDNESDAY","1000","EST","0","V",2005,"HONDA","ACCORD","ACCORD EX",,"BURGUNDY","FRONT END",,"SC","ST","YES","E",0,"E","[PREMIUM]",2790.41,"3.0L  6","Front-wheel Drive","AUTOMATIC","GAS",6,"DEFAULT","Pure Sale","[PREMIUM]",,"HARLEYVILLE","SC","29448 4205","USA","USD","[PREMIUM]","[PREMIUM]","V0110",false,"[PREMIUM]","EX",false,false,"[PREMIUM]",,,,,,,,"[PREMIUM]"
"92298245","2026-01-18 11:26:18.245","2026-02-08 17:30:33.842","92298245","2026-02-06 20:33:10.000","[PREMIUM]","193","CO - DENVER SOUTH","2026-02-09","MONDAY","1200","MST","3268","V",2004,"HONDA","ACCORD","ACCORD EX",,"SILVER","FRONT END",,"CA","SC","YES","D",319747,"E","[PREMIUM]",2168,"3.0L  6","Front-wheel Drive","AUTOMATIC","GAS",6,"Run & Drive Verified","Pure Sale","[PREMIUM]",,"LITTLETON","CO","80125 9741","USA","USD","[PREMIUM]","[PREMIUM]","JJ110",false,"[PREMIUM]","EX",false,false,"[PREMIUM]",,,,,,,,"[PREMIUM]"
"93347025","2026-01-18 11:26:00.842","2026-02-02 19:38:15.140","93347025","2026-01-30 15:38:36.000","[PREMIUM]","188","UT - OGDEN","2026-02-02","MONDAY","1200","MST","2515","V",2008,"HONDA","ACCORD","ACCORD EXL",,"SILVER","SIDE","FRONT END","UT","SC","YES","S",196180,"E","[PREMIUM]",0,"2.4L  4","Front-wheel Drive","AUTOMATIC","GAS",4,"Vehicle Starts","Pure Sale","[PREMIUM]",,"FARR WEST","UT","84404 9127","USA","USD","[PREMIUM]","[PREMIUM]","D060",false,"[PREMIUM]","EXL",false,false,"[PREMIUM]",,,,,,,,"[PREMIUM]"
"91212765","2026-01-18 11:25:58.439","2026-01-29 05:26:57.968","91212765","2026-01-26 18:17:45.000","[PREMIUM]","187","GA - MACON","2026-01-29","THURSDAY","1000","EST","0","V",2005,"HONDA","ACCORD","ACCORD HYB",,"WHITE","FRONT END",,"GA","ST","YES","D",232360,"E","[PREMIUM]",1930.08,"3.0L  6","Front-wheel Drive","AUTOMATIC","HYBRID ENGINE",6,"Run & Drive Verified","Pure Sale","[PREMIUM]",,"BYRON","GA","31008","USA","USD","[PREMIUM]","[PREMIUM]","C0040",false,"[PREMIUM]","HYBRID",false,false,"[PREMIUM]",,,,,,,,"[PREMIUM]"
"98443515","2026-01-18 11:25:47.540","2026-01-22 17:27:21.038","98443515","2026-01-13 21:03:17.000","[PREMIUM]","173","GA - FAIRBURN",,,,"EST","0","V",2006,"HONDA","ACCORD","ACCORD EX",,"CHARCOAL","SIDE",,"GA","ST","YES","D",234835,"A","[PREMIUM]",7663.98,"2.4L  4","Front-wheel Drive","AUTOMATIC","GAS",4,"Run & Drive Verified","Pure Sale","[PREMIUM]",,"FAIRBURN","GA","30213 2834","USA","USD","[PREMIUM]","[PREMIUM]","I100",false,"[PREMIUM]","EX",false,false,"[PREMIUM]",,,,,,,,"[PREMIUM]"
"91117455","2026-01-18 11:25:10.652","2026-02-20 14:59:19.139","91117455","2026-01-13 21:23:28.000","[PREMIUM]","155","NH - CANDIA",,,,"EST","0","V",2008,"MAZDA","CX-7","CX-7",,"BROWN","FRONT END","SIDE","NH","ST","YES","D",105966,"A","[PREMIUM]",6175,"2.3L  4","Front-wheel Drive","AUTOMATIC","GAS",4,"Run & Drive Verified","Pure Sale","[PREMIUM]",,"CANDIA","NH","03034 2111","USA","USD","[PREMIUM]","[PREMIUM]","D120",false,"[PREMIUM]",,false,false,"[PREMIUM]",,,,,,,,"[PREMIUM]"
"97619235","2026-01-18 11:24:43.144","2026-02-08 17:28:00.261","97619235","2026-02-06 23:13:21.000","[PREMIUM]","144","SC - SPARTANBURG","2026-02-09","MONDAY","1000","EST","4067","V",2003,"HONDA","ACCORD","ACCORD EX","SEDAN 4D","BLACK","REAR END","SIDE","SC","ST","NO","E",252858,"E","[PREMIUM]",3673,"3.0L  6","Front-wheel Drive","AUTOMATIC","GAS",6,"DEFAULT","On Minimum Bid","[PREMIUM]",,"SPARTANBURG","SC","29301 5944","USA","USD","[PREMIUM]","[PREMIUM]","H210",false,"[PREMIUM]","EX",false,false,"[PREMIUM]",,,,,,,,"[PREMIUM]"
"72303845","2026-01-18 11:24:27.337","2026-01-22 17:26:08.535","72303845","2026-01-20 22:01:49.000","[PREMIUM]","143","KY - LOUISVILLE","2026-01-22","THURSDAY","1000","EST","3371","V",2008,"HONDA","CRV","CR-V LX","4DR SPOR","BLUE","FRONT END",,"KY","ST","YES","D",273579,"A","[PREMIUM]",4166.05,"2.4L  4","Front-wheel Drive","AUTOMATIC","GAS",4,"Run & Drive Verified","Pure Sale","[PREMIUM]",,"LOUISVILLE","KY","40272 2985","USA","USD","[PREMIUM]","[PREMIUM]","B090",false,"[PREMIUM]","LX",false,false,"[PREMIUM]",,,,,,,,"[PREMIUM]"
"72680335","2026-01-18 11:24:27.259","2026-02-06 05:26:00.857","72680335","2026-02-05 13:21:51.000","[PREMIUM]","143","KY - LOUISVILLE","2026-02-09","MONDAY","1000","EST","127","V",2010,"ACURA","TL","TL","SEDAN 4D","SILVER","SIDE","FRONT END","KY","ST","YES","D",133506,"A","[PREMIUM]",7145,"3.5L  6","Front-wheel Drive","AUTOMATIC","GAS",6,"Run & Drive Verified","On Minimum Bid","[PREMIUM]",,"LOUISVILLE","KY","40272 2985","USA","USD","[PREMIUM]","[PREMIUM]","B100",true,"[PREMIUM]",,false,false,"[PREMIUM]",,,,,,,,"[PREMIUM]"
"97980675","2026-01-18 11:23:19.732","2026-02-02 19:35:30.738","97980675","2026-01-30 22:03:41.000","[PREMIUM]","114","TN - KNOXVILLE","2026-02-03","TUESDAY","1000","EST","69","V",2016,"ACURA","RDX","RDX TECHNO",,"CHARCOAL","FRONT END","SIDE","GA","ST","YES","D",90280,"A","[PREMIUM]",0,"3.5L  6","All wheel drive","AUTOMATIC","GAS",6,"Run & Drive Verified","Pure Sale","[PREMIUM]",,"MADISONVILLE","TN","37354 6763","USA","USD","[PREMIUM]","[PREMIUM]","E010",false,"[PREMIUM]","TECHNOLOGY",false,false,"[PREMIUM]",,,,,,,,"[PREMIUM]"
"97397985","2026-01-18 11:22:25.534","2026-01-28 11:22:36.933","97397985","2026-01-26 20:32:22.000","[PREMIUM]","92","MO - SPRINGFIELD","2026-01-28","WEDNESDAY","1200","CST","2325","V",2007,"HONDA","ACCORD","ACCORD EX",,"SILVER","REAR END",,"MO","SC","YES","D",198826,"A","[PREMIUM]",3874.57,"2.4L  4","Front-wheel Drive","AUTOMATIC","GAS",4,"Run & Drive Verified","Pure Sale","[PREMIUM]",,"ROGERSVILLE","MO","65742 7171","USA","USD","[PREMIUM]","[PREMIUM]","B080",false,"[PREMIUM]","EX",false,false,"[PREMIUM]",,,,,,,,"[PREMIUM]"
"99539335","2026-01-18 11:21:56.395","2026-02-03 23:21:39.578","99539335","2026-02-02 23:56:30.000","[PREMIUM]","81","IL - CHICAGO SOUTH","2026-02-04","WEDNESDAY","1200","CST","2291","V",2009,"HONDA","ACCORD","ACCORD EXL",,"BLACK","FRONT END",,"IL","SC","YES","D",190080,"E","[PREMIUM]",3919.44,"3.5L  6","Front-wheel Drive","AUTOMATIC","GAS",6,"Run & Drive Verified","Pure Sale","[PREMIUM]",,"CHICAGO HEIGHTS","IL","60411 5546","USA","USD","[PREMIUM]","[PREMIUM]","H050",false,"[PREMIUM]","EXL",false,false,"[PREMIUM]",,,,,,,,"[PREMIUM]"
"96364435","2026-01-18 11:21:54.283","2026-02-03 23:21:37.042","96364435","2026-02-02 23:56:30.000","[PREMIUM]","81","IL - CHICAGO SOUTH","2026-02-04","WEDNESDAY","1200","CST","114","V",2012,"HONDA","ACCORD","ACCORD EXL",,"BLACK","REAR END",,"IL","SC","YES","D",184420,"A","[PREMIUM]",6940,"3.5L  6","Front-wheel Drive","AUTOMATIC","GAS",6,"Run & Drive Verified","Pure Sale","[PREMIUM]",,"CHICAGO HEIGHTS","IL","60411 5546","USA","USD","[PREMIUM]","[PREMIUM]","C100",false,"[PREMIUM]","EXL",false,false,"[PREMIUM]",,,,,,,,"[PREMIUM]"
"98042925","2026-01-18 11:19:33.743","2026-01-29 11:19:53.893","98042925","2026-01-24 14:29:11.000","[PREMIUM]","44","IN - INDIANAPOLIS","2026-01-30","FRIDAY","1000","EST","0","V",2009,"MAZDA","CX-9","CX-9",,"BLACK","REAR END",,"IN","ST","YES","D",220407,"E","[PREMIUM]",7318.3,"3.7L  6","All wheel drive","AUTOMATIC","GAS",6,"Run & Drive Verified","Pure Sale","[PREMIUM]",,"INDIANAPOLIS","IN","46254 2452","USA","USD","[PREMIUM]","[PREMIUM]","CC010",false,"[PREMIUM]",,false,false,"[PREMIUM]",,,,,,,,"[PREMIUM]"
"97513945","2026-01-18 11:19:12.948","2026-02-09 23:18:53.537","97513945","2026-02-09 21:22:14.000","[PREMIUM]","36","IL - CHICAGO NORTH","2026-02-10","TUESDAY","1200","CST","3305","V",2015,"MAZDA","CX-9","CX-9 SPORT",,"BLACK","SIDE","REAR END","IL","SC","YES","D",141495,"A","[PREMIUM]",5713,"3.7L  6","All wheel drive","AUTOMATIC","GAS",6,"Run & Drive Verified","Pure Sale","[PREMIUM]",,"ELGIN","IL","60120 7419","USA","USD","[PREMIUM]","[PREMIUM]","F230",false,"[PREMIUM]","SPORT",false,false,"[PREMIUM]",,,,,,,,"[PREMIUM]"
"72261295","2026-01-18 11:19:10.365","2026-02-04 23:19:08.141","72261295","2026-02-04 21:55:38.000","[PREMIUM]","36","IL - CHICAGO NORTH","2026-02-05","THURSDAY","1200","CST","94","V",2005,"HONDA","ACCORD","ACCORD EX",,"WHITE","FRONT END","SIDE","IL","SC","YES","D",263742,"A","[PREMIUM]",2065,"3.0L  6","Front-wheel Drive","AUTOMATIC","GAS",6,"Run & Drive Verified","Pure Sale","[PREMIUM]",,"ELGIN","IL","60120 7419","USA","USD","[PREMIUM]","[PREMIUM]","A140",false,"[PREMIUM]","EX",false,false,"[PREMIUM]",,,,,,,,"[PREMIUM]"
"98634075","2026-01-18 11:18:39.857","2026-02-20 14:51:36.770","98634075","2026-02-13 21:54:04.000","[PREMIUM]","31","NJ - GLASSBORO EAST",,,,"EST","0","V",2010,"HONDA","ACCORD","ACCORD EX",,"GRAY","FRONT END",,"NJ","SC","YES","D",125860,"A","[PREMIUM]",7207.19,"2.4L  4","Front-wheel Drive","AUTOMATIC","GAS",4,"Run & Drive Verified","On Minimum Bid","[PREMIUM]",,"GLASSBORO","NJ","08028 2600","USA","USD","[PREMIUM]","[PREMIUM]","E040",false,"[PREMIUM]","EX",false,false,"[PREMIUM]",,,,,,,,"[PREMIUM]"
"99707445","2026-01-18 11:17:50.625","2026-01-26 17:18:35.739","99707445","2026-01-23 20:34:48.000","[PREMIUM]","18","OK - OKLAHOMA CITY","2026-01-27","TUESDAY","1200","CST","0","V",2009,"HONDA","CRV","CR-V LX",,"SILVER","REAR END","MINOR DENT/SCRATCHES","OK","ST","YES","D",162299,"E","[PREMIUM]",6434,"2.4L  4","Front-wheel Drive","AUTOMATIC","GAS",4,"Run & Drive Verified","Pure Sale","[PREMIUM]",,"OKLAHOMA CITY","OK","73129 8450","USA","USD","[PREMIUM]","[PREMIUM]","CC060",false,"[PREMIUM]","LX",false,false,"[PREMIUM]",,,,,,,,"[PREMIUM]"
"99555405","2026-01-18 11:17:38.446","2026-01-21 23:17:47.422","99555405","2026-01-21 19:26:46.000","[PREMIUM]","12","TX - DALLAS","2026-01-22","THURSDAY","1200","CST","6028","V",2016,"ACURA","RDX","RDX ADVANC",,"BLACK","FRONT END",,"TX","SV","YES","E",55674,"A","[PREMIUM]",12798.73,"3.5L  6","Front-wheel Drive","AUTOMATIC","GAS",6,"DEFAULT","Pure Sale","[PREMIUM]",,"GRAND PRAIRIE","TX","75051 2410","USA","USD","[PREMIUM]","[PREMIUM]","L170",false,"[PREMIUM]","ADVANCE",false,false,"[PREMIUM]",,,,,,,,"[PREMIUM]"
"97985835","2026-01-18 11:17:26.364","2026-01-30 17:17:37.820","97985835","2026-01-29 22:11:11.000","[PREMIUM]","11","TX - HOUSTON","2026-01-30","FRIDAY","1200","CST","3331","V",2015,"MAZDA","CX-9","CX-9 GRAND",,"BLUE","FRONT END",,"TX","SV","YES","D",130126,"A","[PREMIUM]",12595.98,"3.7L  6","Front-wheel Drive","AUTOMATIC","GAS",6,"Run & Drive Verified","Pure Sale","[PREMIUM]",,"HOUSTON","TX","77073 4903","USA","USD","[PREMIUM]","[PREMIUM]","AB130",false,"[PREMIUM]","GRAND TOURING",false,false,"[PREMIUM]",,,,,,,,"[PREMIUM]"
"94310825","2026-01-18 05:35:44.460","2026-02-20 15:02:35.458","94310825","2026-01-29 19:57:04.000","[PREMIUM]","836","HEAVY TRUCK SPECIALTY SALE",,,,"CST","0","R",2017,"CHEROKEE BY FOREST R","TRAVEL TRL","TRAVEL TRL",,"TAN","WATER/FLOOD","TOP/ROOF","IL","SC","NO","E",1,"N","[PREMIUM]",10014.09,,,,,,"DEFAULT","On Minimum Bid","[PREMIUM]",,"DYER","IN","46311","USA","USD","[PREMIUM]","[PREMIUM]","HV001",false,"[PREMIUM]",,false,false,"[PREMIUM]",,,,,,,,"[PREMIUM]"
"72542745","2026-01-18 05:35:41.514","2026-02-20 15:02:33.639","72542745","2026-02-17 20:59:23.000","[PREMIUM]","370","IN - DYER","2026-02-23","MONDAY","1200","CST","0","V",2017,"KIA","SPORTAGE","SPORTAGE L",,"BLACK","FRONT END","MINOR DENT/SCRATCHES","IN","ST","YES","D",101736,"A","[PREMIUM]",6837.48,"2.4L  4","Front-wheel Drive","AUTOMATIC","GAS",4,"Run & Drive Verified","On Minimum Bid","[PREMIUM]",,"DYER","IN","46311","USA","USD","[PREMIUM]","[PREMIUM]","B050",false,"[PREMIUM]","LX",false,false,"[PREMIUM]",,,,,,,,"[PREMIUM]"
"99483465","2026-01-18 05:35:08.455","2026-02-02 19:39:27.039","99483465","2026-01-30 18:07:37.000","[PREMIUM]","336","UT - SALT LAKE CITY","2026-02-03","TUESDAY","1200","MST","0","V",2015,"HYUNDAI","GENESIS","GENESIS 5.",,"WHITE","FRONT END","SIDE","UT","SC","YES","D",70299,"A","[PREMIUM]",0,"5.0L  8","Rear-wheel drive","AUTOMATIC","GAS",8,"Run & Drive Verified","Pure Sale","[PREMIUM]",,"MAGNA","UT","84044 1470","USA","USD","[PREMIUM]","[PREMIUM]","N120",false,"[PREMIUM]","5.0L",false,false,"[PREMIUM]",,,,,,,,"[PREMIUM]"
"97587215","2026-01-18 05:35:08.428","2026-01-30 17:27:24.162","97587215","2026-01-30 13:00:27.000","[PREMIUM]","336","UT - SALT LAKE CITY","2026-01-30","FRIDAY","1200","MST","3347","V",2000,"HONDA","CIVIC","CIVIC EX",,"BLACK","FRONT END",,"UT","SC","YES","D",294909,"E","[PREMIUM]",6711.96,"1.6L  4","Front-wheel Drive","AUTOMATIC","GAS",4,"Run & Drive Verified","Pure Sale","[PREMIUM]",,"MAGNA","UT","84044 1470","USA","USD","[PREMIUM]","[PREMIUM]","D020",false,"[PREMIUM]","EX",false,false,"[PREMIUM]",,,,,,,,"[PREMIUM]"
"73010695","2026-01-18 05:34:51.653","2026-01-27 11:27:50.634","73010695","2026-01-23 21:03:56.000","[PREMIUM]","336","UT - SALT LAKE CITY","2026-01-27","TUESDAY","1200","MST","0","V",2010,"TOYOTA","CAMRY","CAMRY BASE",,"SILVER","REAR END","SIDE","UT","SC","YES","D",159240,"A","[PREMIUM]",5317.91,"2.5L  4","Front-wheel Drive","AUTOMATIC","GAS",4,"Run & Drive Verified","Pure Sale","[PREMIUM]",,"MAGNA","UT","84044 1470","USA","USD","[PREMIUM]","[PREMIUM]","F080",false,"[PREMIUM]","BASE",false,false,"[PREMIUM]",,,,,,,,"[PREMIUM]"
"72217455","2026-01-18 05:34:51.652","2026-01-29 23:26:58.649","72217455","2026-01-27 00:27:45.000","[PREMIUM]","336","UT - SALT LAKE CITY","2026-01-30","FRIDAY","1200","MST","0","V",2019,"SUBARU","ASCENT","ASCENT LIM",,"BLUE","FRONT END","SIDE","UT","FT","EXM","E",0,"N","[PREMIUM]",21344.93,"2.4L  4","All wheel drive","AUTOMATIC","GAS",4,"DEFAULT","On Minimum Bid","[PREMIUM]",,"MAGNA","UT","84044 1470","USA","USD","[PREMIUM]","[PREMIUM]","N130",false,"[PREMIUM]","LIMITED",false,false,"[PREMIUM]",,,,,,,,"[PREMIUM]"
"72905025","2026-01-18 05:34:51.651","2026-01-26 05:30:34.266","72905025","2026-01-20 21:14:55.000","[PREMIUM]","336","UT - SALT LAKE CITY","2026-01-27","TUESDAY","1200","MST","0","V",2006,"GMC","SIERRA","NEW SIERRA",,"WHITE","MECHANICAL",,"UT","CT","YES","S",129282,"A","[PREMIUM]",0,"6.0L  8","Rear-wheel drive","AUTOMATIC","GAS",8,"Vehicle Starts","On Minimum Bid","[PREMIUM]",,"MAGNA","UT","84044 1470","USA","USD","[PREMIUM]","[PREMIUM]","HVY4",true,"[PREMIUM]","C3500",false,false,"[PREMIUM]",,,,,,,,"[PREMIUM]"
"72436725","2026-01-18 05:34:51.649","2026-02-01 05:37:50.350","72436725","2026-01-28 14:21:55.000","[PREMIUM]","336","UT - SALT LAKE CITY","2026-02-03","TUESDAY","1200","MST","0","V",2010,"CADILLAC","ESCALADE","ESCALADE P",,"WHITE","REAR END","FRONT END","UT","CT","YES","E",181968,"E","[PREMIUM]",0,"6.2L  8","All wheel drive","AUTOMATIC","FLEXIBLE FUEL",8,"DEFAULT","On Minimum Bid","[PREMIUM]",,"MAGNA","UT","84044 1470","USA","USD","[PREMIUM]","[PREMIUM]","C110",true,"[PREMIUM]","PREMIUM",false,false,"[PREMIUM]",,,,,,,,"[PREMIUM]"
"98940955","2026-01-18 05:34:35.792","2026-02-01 17:28:25.555","98940955","2026-01-26 20:32:37.000","[PREMIUM]","191","WI - APPLETON","2026-02-02","MONDAY","1200","CST","0","V",2020,"FORD","F-150","F150 SUPER",,"GRAY","FRONT END",,"WI","BP","YES",,0,"N","[PREMIUM]",36000,"3.5L  6","4x4 w/Rear Wheel Drv","AUTOMATIC","GAS",6,,"Pure Sale","[PREMIUM]",,"APPLETON","WI","54914 9012","USA","USD","[PREMIUM]","[PREMIUM]","E010",false,"[PREMIUM]","SUPERCREW",false,false,"[PREMIUM]",,,,,,,,"[PREMIUM]"
"98197615","2026-01-18 05:34:35.784","2026-02-20 15:00:32.569","98197615","2026-02-16 18:27:33.000","[PREMIUM]","191","WI - APPLETON","2026-02-23","MONDAY","1200","CST","0","V",2010,"FORD","FLEX","FLEX LIMIT",,"BLACK","FRONT END","UNDERCARRIAGE","WI","BP","YES","D",175079,"E","[PREMIUM]",6562.42,"3.5L  6","All wheel drive","AUTOMATIC","GAS",6,"Run & Drive Verified","On Minimum Bid","[PREMIUM]",,"APPLETON","WI","54914 9012","USA","USD","[PREMIUM]","[PREMIUM]","A020",false,"[PREMIUM]","LIMITED",false,false,"[PREMIUM]",,,,,,,,"[PREMIUM]"
"98686895","2026-01-18 05:34:35.784","2026-02-02 19:38:26.037","98686895","2026-02-02 12:00:11.000","[PREMIUM]","191","WI - APPLETON","2026-02-02","MONDAY","1200","CST","97","V",2022,"TOYOTA","RAV4","RAV4 XLE P",,"BLACK","FRONT END",,"WI","SC","YES","D",37150,"A","[PREMIUM]",22371.42,"2.5L  4","All wheel drive","AUTOMATIC","HYBRID ENGINE",4,"Run & Drive Verified","Pure Sale","[PREMIUM]",,"APPLETON","WI","54914 9012","USA","USD","[PREMIUM]","[PREMIUM]","E020",false,"[PREMIUM]","XLE PREMIUM",false,false,"[PREMIUM]",,,,,,,,"[PREMIUM]"
"98777485","2026-01-18 05:34:35.781","2026-02-02 19:38:25.940","98777485","2026-02-02 12:00:11.000","[PREMIUM]","191","WI - APPLETON","2026-02-02","MONDAY","1200","CST","99","V",2014,"JEEP","CHEROKEE","CHEROKEE T",,"RED","SIDE",,"WI","CT","YES","D",147536,"A","[PREMIUM]",6170.47,"3.2L  6","4x4 w/Front Whl Drv","AUTOMATIC","FLEXIBLE FUEL",6,"Run & Drive Verified","Pure Sale","[PREMIUM]",,"APPLETON","WI","54914 9012","USA","USD","[PREMIUM]","[PREMIUM]","B100",false,"[PREMIUM]","TRAILHAWK",false,false,"[PREMIUM]",,,,,,,,"[PREMIUM]"
"99125165","2026-01-18 05:34:35.763","2026-02-02 19:38:27.542","99125165","2026-02-02 12:00:11.000","[PREMIUM]","191","WI - APPLETON","2026-02-02","MONDAY","1200","CST","89","V",2015,"TOYOTA","CAMRY","CAMRY LE",,"BLACK","FRONT END",,"WI","CT","YES","D",180511,"A","[PREMIUM]",6856.08,"2.5L  4","Front-wheel Drive","AUTOMATIC","GAS",4,"Run & Drive Verified","Pure Sale","[PREMIUM]",,"APPLETON","WI","54914 9012","USA","USD","[PREMIUM]","[PREMIUM]","B010",false,"[PREMIUM]","LE",false,false,"[PREMIUM]",,,,,,,,"[PREMIUM]"
"96291325","2026-01-18 05:34:33.538","2026-02-02 19:38:28.937","96291325","2026-02-02 12:00:11.000","[PREMIUM]","191","WI - APPLETON","2026-02-02","MONDAY","1200","CST","116","V",2022,"VOLKSWAGEN","TIGUAN","TIGUAN SE",,"RED","SIDE",,"WI","SC","YES","D",50372,"A","[PREMIUM]",15787,"2.0L  4","All wheel drive","AUTOMATIC","GAS",4,"Run & Drive Verified","On Minimum Bid","[PREMIUM]",,"APPLETON","WI","54914 9012","USA","USD","[PREMIUM]","[PREMIUM]","B020",false,"[PREMIUM]","SE",false,false,"[PREMIUM]",,,,,,,,"[PREMIUM]"
"97010675","2026-01-18 05:34:33.538","2026-02-02 19:38:26.036","97010675","2026-02-02 12:00:11.000","[PREMIUM]","191","WI - APPLETON","2026-02-02","MONDAY","1200","CST","2281","V",2018,"GMC","TERRAIN","TERRAIN SL",,"GRAY","SIDE",,"WI","CT","YES","D",131445,"A","[PREMIUM]",7064.11,"2.0L  4","All wheel drive","AUTOMATIC","GAS",4,"Run & Drive Verified","Pure Sale","[PREMIUM]",,"APPLETON","WI","54914 9012","USA","USD","[PREMIUM]","[PREMIUM]","B010",false,"[PREMIUM]","SLT",false,false,"[PREMIUM]",,,,,,,,"[PREMIUM]"
"97277945","2026-01-18 05:34:33.529","2026-02-16 17:30:54.248","97277945","2026-02-16 12:00:12.000","[PREMIUM]","191","WI - APPLETON","2026-02-16","MONDAY","1200","CST","65","V",2016,"JEEP","GRAND CHER","CHEROKEE L",,"BLACK","REAR END",,"WI","CT","YES","D",110529,"A","[PREMIUM]",10269.29,"3.2L  6","4x4 w/Front Whl Drv","AUTOMATIC","FLEXIBLE FUEL",6,"Run & Drive Verified","On Minimum Bid","[PREMIUM]",,"APPLETON","WI","54914 9012","USA","USD","[PREMIUM]","[PREMIUM]","B080",false,"[PREMIUM]","LIMITED",false,false,"[PREMIUM]",,,,,,,,"[PREMIUM]"
"97229085","2026-01-18 05:34:33.525","2026-02-01 01:21:24.739","97229085","2026-01-26 17:34:37.000","[PREMIUM]","191","WI - APPLETON","2026-02-02","MONDAY","1200","CST","0","V",2014,"CHEVROLET","IMPALA","IMPALA LIM","SEDAN 4D","SILVER","FRONT END",,"WI","BP","YES","D",176428,"A","[PREMIUM]",5677.82,"3.6L  6","Front-wheel Drive","AUTOMATIC","GAS",6,"Run & Drive Verified","Pure Sale","[PREMIUM]",,"APPLETON","WI","54914 9012","USA","USD","[PREMIUM]","[PREMIUM]","A100",false,"[PREMIUM]","LT",false,false,"[PREMIUM]",,,,,,,,"[PREMIUM]"
"72116745","2026-01-18 05:34:31.285","2026-02-20 15:00:31.068","72116745","2026-01-31 16:43:00.000","[PREMIUM]","191","WI - APPLETON",,,,"CST","0","V",2013,"FORD","FOCUS","FOCUS SE",,"WHITE","REAR END",,"WI","CT","YES","D",131614,"A","[PREMIUM]",4039.71,"2.0L  4","Front-wheel Drive","AUTOMATIC","GAS",4,"Run & Drive Verified","Pure Sale","[PREMIUM]",,"APPLETON","WI","54914 9012","USA","USD","[PREMIUM]","[PREMIUM]","B070",false,"[PREMIUM]","SE",false,false,"[PREMIUM]",,,,,,,,"[PREMIUM]"
"96059245","2026-01-18 05:34:31.275","2026-02-01 05:36:57.238","96059245","2026-01-26 20:35:56.000","[PREMIUM]","191","WI - APPLETON","2026-02-02","MONDAY","1200","CST","0","V",2015,"SUBARU","IMPREZA","IMPREZA LI",,"BLACK","FRONT END","SIDE","WI","BP","YES","E",0,"N","[PREMIUM]",11543.82,"2.0L  4","All wheel drive","AUTOMATIC","GAS",4,"DEFAULT","Pure Sale","[PREMIUM]",,"APPLETON","WI","54914 9012","USA","USD","[PREMIUM]","[PREMIUM]","A050",false,"[PREMIUM]","LIMITED",false,false,"[PREMIUM]",,,,,,,,"[PREMIUM]"
"72236055","2026-01-18 05:34:31.272","2026-02-01 05:37:25.781","72236055","2026-01-26 22:36:15.000","[PREMIUM]","191","WI - APPLETON","2026-02-02","MONDAY","1200","CST","0","V",2025,"HYUNDAI","TUCSON","TUCSON SEL",,"WHITE","SIDE",,"WI","SC","YES","D",5674,"A","[PREMIUM]",26376.57,"2.5L  4","All wheel drive","AUTOMATIC","GAS",4,"Run & Drive Verified","Pure Sale","[PREMIUM]",,"APPLETON","WI","54914 9012","USA","USD","[PREMIUM]","[PREMIUM]","C010",false,"[PREMIUM]","SEL",false,false,"[PREMIUM]",,,,,,,,"[PREMIUM]"
"91985025","2026-01-18 05:34:24.369","2026-02-10 23:26:48.233","91985025","2026-02-07 00:07:24.000","[PREMIUM]","186","CA - LONG BEACH","2026-02-11","WEDNESDAY","1200","PST","0","V",2023,"TESLA","MODEL Y","MODEL Y",,"RED","FRONT END",,"CA","SC","EXM","E",28642,"A","[PREMIUM]",28068.43,,"All wheel drive","AUTOMATIC","ELECTRIC",,"DEFAULT","Pure Sale","[PREMIUM]",,"WILMINGTON","CA","90744 1609","USA","USD","[PREMIUM]","[PREMIUM]","K030",false,"[PREMIUM]",,false,false,"[PREMIUM]",,,,,,,,"[PREMIUM]"
"87229585","2026-01-18 05:34:10.873","2026-02-20 14:59:49.756","87229585","2026-01-17 21:55:58.000","[PREMIUM]","170","IN - CICERO",,,,"EST","0","V",2022,"FORD","EXPLORER","EXPLORER X",,"RED","SIDE","MINOR DENT/SCRATCHES","IN","ST","YES","D",62651,"A","[PREMIUM]",17955.11,"2.3L  4","4x4 w/Rear Wheel Drv","AUTOMATIC","GAS",4,"Run & Drive Verified","On Approval","[PREMIUM]",,"CICERO","IN","46034 9514","USA","USD","[PREMIUM]","[PREMIUM]","F040",false,"[PREMIUM]","XLT",false,false,"[PREMIUM]",,,,,,,,"[PREMIUM]"
"73972145","2026-01-18 05:33:17.415","2026-01-27 05:23:48.250","73972145","2026-01-23 20:22:34.000","[PREMIUM]","108","FL - OCALA","2026-01-27","TUESDAY","1000","EST","2038","V",2013,"INFINITI","QX56","QX56","4DR SPOR","BLACK","MECHANICAL","MINOR DENT/SCRATCHES","FL","CT","YES",,132412,"A","[PREMIUM]",0,"5.6L  8","Rear-wheel drive","AUTOMATIC","GAS",8,,"On Minimum Bid","[PREMIUM]",,"OCALA","FL","34482","USA","USD","[PREMIUM]","[PREMIUM]","*OFF",true,"[PREMIUM]",,false,false,"[PREMIUM]","7100 NW 44 AVE","FL","OCALA","34482",,,,"[PREMIUM]"
"94833455","2026-01-18 05:32:58.386","2026-01-29 11:23:04.858","94833455","2026-01-27 23:45:17.000","[PREMIUM]","97","CA - RANCHO CUCAMONGA","2026-01-29","THURSDAY","1200","PST","0","V",2019,"TESLA","MODEL 3","MODEL 3",,"BLACK","FRONT END",,"CA","SL","NO","E",54362,"A","[PREMIUM]",20374.4,,"Rear-wheel drive","AUTOMATIC","ELECTRIC",,"DEFAULT","Pure Sale","[PREMIUM]",,"RANCHO CUCAMONGA","CA","91739 9601","USA","USD","[PREMIUM]","[PREMIUM]","KK060",false,"[PREMIUM]",,false,false,"[PREMIUM]",,,,,,,,"[PREMIUM]"
"82074875","2026-01-18 05:32:55.991","2026-01-28 17:23:24.551","82074875","2026-01-27 23:50:58.000","[PREMIUM]","97","CA - RANCHO CUCAMONGA","2026-01-29","THURSDAY","1200","PST","0","V",2024,"HONDA","CRV","CR-V SPORT",,"BLACK","FRONT END",,"CA","SC","YES","E",28243,"A","[PREMIUM]",31332.3,"2.0L  4","All wheel drive","AUTOMATIC","HYBRID ENGINE",4,"DEFAULT","On Approval","[PREMIUM]",,"RANCHO CUCAMONGA","CA","91739 9601","USA","USD","[PREMIUM]","[PREMIUM]","F040",false,"[PREMIUM]","SPORT",false,false,"[PREMIUM]",,,,,,,,"[PREMIUM]"
"84949225","2026-01-18 05:32:55.984","2026-01-29 11:23:04.037","84949225","2026-01-27 23:58:42.000","[PREMIUM]","97","CA - RANCHO CUCAMONGA","2026-01-29","THURSDAY","1200","PST","0","V",2013,"HYUNDAI","GENESIS","GENESIS CO","COUPE","WHITE","FRONT END",,"CA","SC","NO","E",0,"N","[PREMIUM]",15206,"2.0L  4","Rear-wheel drive","AUTOMATIC","GAS",4,"DEFAULT","Pure Sale","[PREMIUM]",,"RANCHO CUCAMONGA","CA","91739 9601","USA","USD","[PREMIUM]","[PREMIUM]","HH020",false,"[PREMIUM]","2.0T",false,false,"[PREMIUM]",,,,,,,,"[PREMIUM]"
"94680945","2026-01-18 05:32:55.982","2026-01-29 11:23:05.736","94680945","2026-01-27 23:44:35.000","[PREMIUM]","97","CA - RANCHO CUCAMONGA","2026-01-29","THURSDAY","1200","PST","0","V",2020,"TESLA","MODEL Y","MODEL Y",,"BLACK","FRONT END",,"CA","SC","YES","D",65377,"A","[PREMIUM]",29695.4,,"All wheel drive","AUTOMATIC","ELECTRIC",,"Run & Drive Verified","Pure Sale","[PREMIUM]",,"RANCHO CUCAMONGA","CA","91739 9601","USA","USD","[PREMIUM]","[PREMIUM]","GG070",false,"[PREMIUM]",,false,false,"[PREMIUM]",,,,,,,,"[PREMIUM]"
"72390615","2026-01-18 05:32:53.017","2026-01-29 11:23:02.737","72390615","2026-01-27 23:54:39.000","[PREMIUM]","97","CA - RANCHO CUCAMONGA","2026-01-29","THURSDAY","1200","PST","0","V",2017,"HYUNDAI","IONIQ","IONIQ SEL",,"GRAY","FRONT END",,"CA","SC","YES","D",101286,"A","[PREMIUM]",8910,"1.6L  4","Front-wheel Drive","AUTOMATIC","HYBRID ENGINE",4,"Run & Drive Verified","Pure Sale","[PREMIUM]",,"RANCHO CUCAMONGA","CA","91739 9601","USA","USD","[PREMIUM]","[PREMIUM]","KK050",false,"[PREMIUM]","SEL",false,false,"[PREMIUM]",,,,,,,,"[PREMIUM]"
"72888155","2026-01-18 05:31:50.329","2026-01-27 11:20:31.133","72888155","2026-01-27 00:00:07.000","[PREMIUM]","59","CA - SAN DIEGO","2026-01-27","TUESDAY","1200","PST","0","V",2022,"LEXUS","ES300","ES 300H BA",,"CHARCOAL","REAR END",,"CA","SC","YES","D",97481,"A","[PREMIUM]",23506.08,"2.5L  4","Front-wheel Drive","AUTOMATIC","HYBRID ENGINE",4,"Run & Drive Verified","Pure Sale","[PREMIUM]",,"SAN DIEGO","CA","92154 8309","USA","USD","[PREMIUM]","[PREMIUM]","GG040",false,"[PREMIUM]","300H BASE",false,false,"[PREMIUM]",,,,,,,,"[PREMIUM]"
"73966705","2026-01-18 05:31:31.834","2026-02-20 14:53:17.112","73966705","2026-02-19 14:17:25.000","[PREMIUM]","53","MA - NORTH BOSTON","2026-02-20","FRIDAY","1000","EST","3007","V",2011,"LEXUS","GX","GX 460","4DR SPOR","GRAY","MINOR DENT/SCRATCHES","NORMAL WEAR","MA","CT","YES","D",223855,"A","[PREMIUM]",0,"4.6L  8","All wheel drive","AUTOMATIC","GAS",8,"Run & Drive Verified","On Minimum Bid","[PREMIUM]",,"NORTH BILLERICA","MA","01862 1632","USA","USD","[PREMIUM]","[PREMIUM]","*OFF",false,"[PREMIUM]","460",false,false,"[PREMIUM]","55R HIGH STREET","MA","NORTH BILLERICA","01862",,,,"[PREMIUM]"
"97014595","2026-01-18 05:30:24.843","2026-01-29 11:17:57.937","97014595","2026-01-29 01:13:41.000","[PREMIUM]","16","CA - SO SACRAMENTO","2026-01-29","THURSDAY","1200","PST","1115","V",2023,"TESLA","MODEL 3","MODEL 3",,"GRAY","FRONT END","SIDE","CA","SC","YES","E",90081,"A","[PREMIUM]",27346.65,,"All wheel drive","AUTOMATIC","ELECTRIC",,"DEFAULT","Pure Sale","[PREMIUM]",,"SACRAMENTO","CA","95828 2641","USA","USD","[PREMIUM]","[PREMIUM]","F040",false,"[PREMIUM]",,false,false,"[PREMIUM]",,,,,,,,"[PREMIUM]"
"73397405","2026-01-18 05:29:57.174","2026-01-19 05:37:36.909","73397405","2026-01-19 04:23:54.000","[PREMIUM]","395","VT - RUTLAND","2026-01-26","MONDAY","1000","EST","0","V",2014,"TOYOTA","RAV4","RAV4 XLE",,"RED","FRONT END","MINOR DENT/SCRATCHES","CO","BS","YES","D",178499,"A","[PREMIUM]",11613.72,"2.5L  4","All wheel drive",,"GAS",4,"Run & Drive Verified","Pure Sale","[PREMIUM]",,"CENTER RUTLAND","VT","05736","USA","USD","[PREMIUM]","[PREMIUM]","U100",false,"[PREMIUM]","XLE",false,false,"[PREMIUM]",,,,,,,,"[PREMIUM]"
"99538475","2026-01-18 05:29:39.742","2026-02-20 15:02:37.541","99538475","2026-02-19 22:03:36.000","[PREMIUM]","370","IN - DYER","2026-02-23","MONDAY","1200","CST","0","V",2010,"CHEVROLET","IMPALA","IMPALA LT",,"BLACK","FRONT END",,"IN","ST","YES","E",106227,"A","[PREMIUM]",6392.36,"3.5L  6","Front-wheel Drive","AUTOMATIC","GAS",6,"DEFAULT","Pure Sale","[PREMIUM]",,"DYER","IN","46311","USA","USD","[PREMIUM]","[PREMIUM]","A150",false,"[PREMIUM]","LT",false,false,"[PREMIUM]",,,,,,,,"[PREMIUM]"
"98881325","2026-01-18 05:29:39.444","2026-02-20 15:02:36.841","98881325","2026-02-17 21:03:45.000","[PREMIUM]","370","IN - DYER","2026-02-23","MONDAY","1200","CST","0","V",2016,"TOYOTA","RAV4","RAV4 LIMIT",,"SILVER","FRONT END",,"IN","ST","YES","D",88785,"A","[PREMIUM]",8202.45,"2.5L  4","All wheel drive","AUTOMATIC","GAS",4,"Run & Drive Verified","Pure Sale","[PREMIUM]",,"DYER","IN","46311","USA","USD","[PREMIUM]","[PREMIUM]","A010",false,"[PREMIUM]","LIMITED",false,false,"[PREMIUM]",,,,,,,,"[PREMIUM]"
"99840505","2026-01-18 05:29:12.185","2026-02-20 15:02:10.137","99840505","2026-01-17 23:28:09.000","[PREMIUM]","360","IN - FORT WAYNE",,,,"EST","0","V",2009,"CHEVROLET","IMPALA","IMPALA 1LT",,"BLUE","FRONT END","SIDE","IN","ST","YES","D",162975,"A","[PREMIUM]",0,"3.5L  6","Front-wheel Drive","AUTOMATIC","GAS",6,"Run & Drive Verified","Pure Sale","[PREMIUM]",,"FORT WAYNE","IN","46803 1546","USA","USD","[PREMIUM]","[PREMIUM]","J080",false,"[PREMIUM]","1LT",false,false,"[PREMIUM]",,,,,,,,"[PREMIUM]"
"95564615","2026-01-18 05:29:12.148","2026-02-20 15:02:07.941","95564615","2026-02-17 20:00:02.000","[PREMIUM]","360","IN - FORT WAYNE","2026-02-23","MONDAY","1000","EST","0","V",2007,"HONDA","All Models","ODYSSEY EX","SPORTS V","TAN","SIDE","REAR END","IN","ST","YES","D",204338,"E","[PREMIUM]",0,"3.5L  6","Front-wheel Drive","AUTOMATIC","GAS",6,"Run & Drive Verified","Pure Sale","[PREMIUM]",,"FORT WAYNE","IN","46803 1546","USA","USD","[PREMIUM]","[PREMIUM]","D050",false,"[PREMIUM]","EXL",false,false,"[PREMIUM]",,,,,,,,"[PREMIUM]"
"67387135","2026-01-18 05:29:00.748","2026-02-20 15:01:45.219","67387135","2026-02-19 20:56:01.000","[PREMIUM]","345","KY - EARLINGTON","2026-02-26","THURSDAY","1200","CST","0","V",2022,"PORSCHE","TAYCAN","TAYCAN",,"BLUE","FRONT END",,"IN","ST","NO","E",0,"N","[PREMIUM]",0,,"Rear-wheel drive","AUTOMATIC","ELECTRIC",,"DEFAULT","On Minimum Bid","[PREMIUM]",,"EARLINGTON","KY","42410","USA","USD","[PREMIUM]","[PREMIUM]","A070",false,"[PREMIUM]",,false,false,"[PREMIUM]",,,,,,,,"[PREMIUM]"
"72790765","2026-01-18 05:28:04.738","2026-01-29 11:27:10.751","72790765","2026-01-29 09:00:40.000","[PREMIUM]","294","ONTARIO AUCTION","2026-01-29","THURSDAY","1000","EST","2005","V",2012,"FORD","MUSTANG","MUSTANG GT","COUPE","BLACK","REAR END","SIDE","ON","ST","YES","D",175283,"A","[PREMIUM]",17422.49,"5.0L  8","Rear-wheel drive","AUTOMATIC","GAS",8,"Run & Drive Verified","Pure Sale","[PREMIUM]","Possible undercarriage damage","LONDON","ON","N5W 6C8","CAN","CAD","[PREMIUM]","[PREMIUM]","I120",false,"[PREMIUM]","GT",false,false,"[PREMIUM]",,,,,,,,"[PREMIUM]"
"81952415","2026-01-18 05:26:51.244","2026-02-20 14:59:49.548","81952415","2026-01-26 15:49:17.000","[PREMIUM]","836","HEAVY TRUCK SPECIALTY SALE",,,,"CST","0","U",2022,"MACK","All Models","PINNACLE",,"WHITE","ROLLOVER",,"IN","ST","NO","E",0,"N","[PREMIUM]",0,"12.7L  6","Rear-wheel drive","AUTOMATIC","DIESEL",6,"DEFAULT","On Minimum Bid","[PREMIUM]",,"CICERO","IN","46034 9514","USA","USD","[PREMIUM]","[PREMIUM]","A060",false,"[PREMIUM]",,false,false,"[PREMIUM]",,,,,,,,"[PREMIUM]"
"93461465","2026-01-18 05:26:50.866","2026-02-20 14:59:49.941","93461465","2026-01-17 23:28:09.000","[PREMIUM]","170","IN - CICERO",,,,"EST","0","V",2013,"TOYOTA","HIGHLANDER","HIGHLANDER",,"SILVER","FRONT END","UNDERCARRIAGE","IN","ST","YES","D",129002,"A","[PREMIUM]",13556,"3.5L  6","Front-wheel Drive","AUTOMATIC","GAS",6,"Run & Drive Verified","Pure Sale","[PREMIUM]",,"CICERO","IN","46034 9514","USA","USD","[PREMIUM]","[PREMIUM]","SB007",false,"[PREMIUM]","LIMITED",false,false,"[PREMIUM]",,,,,,,,"[PREMIUM]"
"81793995","2026-01-18 05:25:25.151","2026-02-20 14:58:24.634","81793995","2026-02-20 09:00:15.000","[PREMIUM]","138","KY - WALTON","2026-02-20","FRIDAY","1000","EST","2502","V",2017,"DODGE","DURANGO","DURANGO CITADEL",,"WHITE","FRONT END","SIDE","IN","ST","YES","E",0,"N","[PREMIUM]",0,"3.6L  6","All wheel drive","AUTOMATIC","FLEXIBLE FUEL",6,"DEFAULT","On Minimum Bid","[PREMIUM]",,"WALTON","KY","41094 8130","USA","USD","[PREMIUM]","[PREMIUM]","J090",false,"[PREMIUM]","CITADEL",false,false,"[PREMIUM]",,,,,,,,"[PREMIUM]"
"99634525","2026-01-18 05:20:09.344","2026-02-13 11:19:34.367","99634525","2026-02-13 09:00:25.000","[PREMIUM]","44","IN - INDIANAPOLIS","2026-02-13","FRIDAY","1000","EST","112","V",2005,"FORD","ALL Models","MUSTANG",,"BLUE","FRONT END",,"IN","ST","YES","D",222536,"A","[PREMIUM]",2929.78,"4.0L  6","Rear-wheel drive","AUTOMATIC","GAS",6,"Run & Drive Verified","Pure Sale","[PREMIUM]",,"INDIANAPOLIS","IN","46254 2452","USA","USD","[PREMIUM]","[PREMIUM]","E060",false,"[PREMIUM]",,false,false,"[PREMIUM]",,,,,,,,"[PREMIUM]"
"91274235","2026-01-18 05:20:01.141","2026-01-29 11:19:48.562","91274235","2026-01-28 14:04:20.000","[PREMIUM]","44","IN - INDIANAPOLIS","2026-01-30","FRIDAY","1000","EST","0","V",2017,"NISSAN","ROGUE","ROGUE S",,"WHITE","REAR END","FRONT END","IN","ST","YES","D",181440,"A","[PREMIUM]",8220.62,"2.5L  4","All wheel drive","AUTOMATIC","GAS",4,"Run & Drive Verified","Pure Sale","[PREMIUM]",,"INDIANAPOLIS","IN","46254 2452","USA","USD","[PREMIUM]","[PREMIUM]","SB004",false,"[PREMIUM]","S",false,false,"[PREMIUM]",,,,,,,,"[PREMIUM]"
"84762205","2026-01-18 05:19:59.463","2026-02-13 11:19:27.557","84762205","2026-02-13 09:00:25.000","[PREMIUM]","44","IN - INDIANAPOLIS","2026-02-13","FRIDAY","1000","EST","81","V",2021,"FORD","BRONCO","BRONCO SPO",,"BLUE","FRONT END","SIDE","IN","ST","YES","D",52443,"A","[PREMIUM]",14761,"1.5L  3","4x4 w/Front Whl Drv","AUTOMATIC","GAS",3,"Run & Drive Verified","Pure Sale","[PREMIUM]",,"INDIANAPOLIS","IN","46254 2452","USA","USD","[PREMIUM]","[PREMIUM]","GG100",false,"[PREMIUM]","BIG BEND",false,false,"[PREMIUM]",,,,,,,,"[PREMIUM]"
"73064705","2026-01-18 05:19:58.837","2026-02-06 05:20:29.448","73064705","2026-02-04 15:44:42.000","[PREMIUM]","44","IN - INDIANAPOLIS","2026-02-06","FRIDAY","1000","EST","0","V",2013,"FORD","FUSION","FUSION SE",,"RED","FRONT END",,"IN","ST","YES","D",126598,"A","[PREMIUM]",6617.26,"2.0L  4","Front-wheel Drive","AUTOMATIC","GAS",4,"Run & Drive Verified","Pure Sale","[PREMIUM]",,"INDIANAPOLIS","IN","46254 2452","USA","USD","[PREMIUM]","[PREMIUM]","J010",false,"[PREMIUM]","SE",false,false,"[PREMIUM]",,,,,,,,"[PREMIUM]"
"55489745","2026-01-18 05:19:57.733","2026-01-29 11:19:44.539","55489745","2026-01-28 13:09:31.000","[PREMIUM]","44","IN - INDIANAPOLIS","2026-01-30","FRIDAY","1000","EST","0","V",2018,"CHEVROLET","EQUINOX","EQUINOX PR",,"WHITE","WATER/FLOOD",,"IN","FS","YES","E",0,"N","[PREMIUM]",13105.76,"1.5L  4","Front-wheel Drive","AUTOMATIC","GAS",4,"DEFAULT","Pure Sale","[PREMIUM]",,"INDIANAPOLIS","IN","46254 2452","USA","USD","[PREMIUM]","[PREMIUM]","HH100",false,"[PREMIUM]","PREMIER",false,false,"[PREMIUM]",,,,,,,,"[PREMIUM]"
"72569795","2026-01-18 05:19:14.039","2026-02-20 14:51:48.747","72569795","2026-02-18 21:44:01.000","[PREMIUM]","836","HEAVY TRUCK SPECIALTY SALE","2026-02-26","THURSDAY","1100","CST","0","U",2000,"FREIGHTLINER","ALL OTHER","CONVENTION",,"BROWN","ROLLOVER","ALL OVER","IN","ST","NO","E",0,"E","[PREMIUM]",46914.44,"6","Rear-wheel drive","MANUAL","DIESEL",6,"DEFAULT","Pure Sale","[PREMIUM]",,"RIVERVIEW","FL","33578 7610","USA","USD","[PREMIUM]","[PREMIUM]","4H110",false,"[PREMIUM]","FLD120",false,false,"[PREMIUM]",,,,,,,,"[PREMIUM]"
"93508395","2026-01-18 05:18:43.567","2026-02-20 02:54:39.585","93508395","2026-02-18 20:54:23.000","[PREMIUM]","25","NY - SYRACUSE","2026-02-25","WEDNESDAY","1000","EST","0","V",2021,"TOYOTA","COROLLA","COROLLA LE",,"GRAY","FRONT END",,"IN","ST","YES","D",43748,"A","[PREMIUM]",12961.09,"1.8L  4","Front-wheel Drive","AUTOMATIC","GAS",4,"Run & Drive Verified","On Minimum Bid","[PREMIUM]",,"CENTRAL SQUARE","NY","13036 2415","USA","USD","[PREMIUM]","[PREMIUM]","C020",false,"[PREMIUM]","LE",false,false,"[PREMIUM]",,,,,,,,"[PREMIUM]"
